match_id,goal_diff,elo_diff,squad_age_diff,gf_prior_diff,ga_prior_diff,on_target_prior_diff,lb_prior_diff,rest_days_diff,is_knockout
2026-M069-ALG-AUT,0,-58,-0.8999999999999986,-0.5,0.5,4.0,-1.5,0.0,0
2026-M019-ARG-ALG,3,343,1.0999999999999979,0.0,0.0,0.0,0.0,0.0,0
2026-M043-ARG-AUT,2,285,0.1999999999999993,0.0,-1.0,-1.0,-24.0,0.0,0
2026-M086-ARG-CPV,1,537,-2.1000000000000014,2.0,-0.3333333333333333,0.3333333333333339,11.666666666666671,-1.0,0
2026-M095-ARG-EGY,1,419,-1.1999999999999993,1.25,-0.25,-1.5,2.0,0.0,0
2026-M100-ARG-SUI,2,224,-0.40000000000000213,0.9999999999999998,0.4,2.4000000000000004,-4.599999999999994,0.0,0
2026-M006-AUS-TUR,2,-133,-0.9000000000000021,0.0,0.0,0.0,0.0,0.0,0
2026-M088-AUS-EGY,0,81,-2.0,-1.0,-0.33333333333333337,-6.333333333333332,-21.000000000000014,1.0,0
2026-M020-AUT-JOR,2,150,-1.1999999999999993,0.0,0.0,0.0,0.0,0.0,0
2026-M016-BEL-EGY,0,197,-1.6999999999999993,0.0,0.0,0.0,0.0,0.0,0
2026-M039-BEL-IRN,0,121,-3.400000000000002,-1.0,-1.0,-3.0,25.0,0.0,0
2026-M082-BEL-SEN,1,33,0.6999999999999993,-0.6666666666666665,-1.3333333333333335,7.000000000000002,18.333333333333343,0.0,0
2026-M052-BIH-QAT,2,174,-4.100000000000001,0.5,-1.0,2.0,29.5,0.0,0
2026-M007-BRA-MAR,0,164,-0.6999999999999993,0.0,0.0,0.0,0.0,0.0,0
2026-M029-BRA-HAI,3,443,-1.1999999999999993,1.0,0.0,-5.0,5.0,0.0,0
2026-M076-BRA-JPN,1,85,-1.2999999999999972,0.0,-0.6666666666666667,3.333333333333334,15.333333333333329,1.0,0
2026-M091-BRA-NOR,-1,77,-1.6999999999999993,-0.25,-1.5,3.5,13.5,1.0,0
2026-M003-CAN-BIH,0,193,1.3000000000000007,0.0,0.0,0.0,0.0,0.0,0
2026-M027-CAN-QAT,6,367,-2.8000000000000007,0.0,0.0,7.0,38.0,1.0,0
2026-M090-CAN-MAR,-3,-39,0.6999999999999993,0.5,-0.25,2.25,-0.75,1.0,0
2026-M009-CIV-ECU,1,-242,-1.4000000000000021,0.0,0.0,0.0,0.0,0.0,0
2026-M078-CIV-NOR,-1,-218,-2.400000000000002,-1.3333333333333333,-1.666666666666667,-0.33333333333333215,23.0,1.0,0
2026-M072-COD-UZB,2,-62,3.1000000000000014,-0.5,-2.0,0.5,-8.5,-6.0,0
2026-M048-COL-COD,1,330,-2.1000000000000014,2.0,0.0,7.0,10.0,0.0,0
2026-M071-COL-POR,0,-7,-1.6000000000000014,-1.0,0.0,6.5,-59.0,0.0,0
2026-M087-COL-GHA,1,471,0.09999999999999787,0.8333333333333333,-1.4166666666666667,12.333333333333332,35.58333333333333,0.0,0
2026-M065-CPV-KSA,0,2,-0.3999999999999986,0.5,-1.5,4.5,0.0,0.0,0
2026-M068-CRO-GHA,1,400,2.799999999999997,1.1666666666666667,0.33333333333333326,2.833333333333333,27.0,0.0,0
2026-M055-CUW-CIV,-2,-262,2.900000000000002,-0.5,2.5,-3.0,-25.5,0.0,0
2026-M025-CZE-RSA,0,222,-1.0,1.0,0.0,3.0,13.0,0.0,0
2026-M053-CZE-MEX,-3,-135,0.5,-0.5,1.5,-2.0,-10.5,0.0,0
2026-M034-ECU-CUW,0,504,-1.5,-1.0,-6.0,5.0,32.0,0.0,0
2026-M056-ECU-GER,1,6,0.0,-4.5,-0.5,-0.5,-4.0,0.0,0
2026-M063-EGY-IRN,0,-76,-1.7000000000000028,1.0,0.0,4.0,31.5,0.0,0
2026-M022-ENG-CRO,2,113,-2.599999999999998,0.0,0.0,0.0,0.0,0.0,0
2026-M045-ENG-GHA,0,513,0.1999999999999993,3.0,2.0,12.0,8.0,0.0,0
2026-M080-ENG-COD,1,372,-2.0,0.6666666666666667,-0.33333333333333337,7.000000000000002,16.0,0.0,0
2026-M102-ENG-ARG,-1,-91,-0.8999999999999986,-0.666666666666667,0.0,-1.666666666666666,-13.0,0.0,0
2026-M014-ESP-CPV,0,579,-2.6000000000000014,0.0,0.0,0.0,0.0,0.0,0
2026-M038-ESP-KSA,4,581,-3.0,-1.0,-1.0,16.0,73.0,0.0,0
2026-M084-ESP-AUT,3,327,-0.3000000000000007,-0.33333333333333326,-2.0,8.666666666666668,51.66666666666667,1.0,0
2026-M098-ESP-BEL,1,264,0.0,-0.8,-1.0,-2.3999999999999986,25.399999999999977,0.0,0
2026-M104-ESP-ARG,1,42,-0.5,-0.8571428571428572,-0.8571428571428572,1.2857142857142865,27.142857142857167,1.0,0
2026-M017-FRA-SEN,2,203,0.1999999999999993,0.0,0.0,0.0,0.0,0.0,0
2026-M042-FRA-IRQ,3,456,-0.40000000000000213,2.0,-3.0,1.0,47.0,0.0,0
2026-M077-FRA-SWE,3,351,0.0,1.0,-1.666666666666667,3.666666666666666,18.33333333333333,-1.0,0
2026-M097-FRA-MAR,2,236,-0.10000000000000142,0.7999999999999998,-0.4,5.4,12.199999999999989,0.0,0
2026-M101-FRA-ESP,-2,-94,-0.5,0.8333333333333333,0.16666666666666666,0.6666666666666679,-38.83333333333334,1.0,0
2026-M103-FRA-ENG,-2,39,-0.10000000000000142,0.2857142857142856,-0.5714285714285714,4.285714285714285,12.0,1.0,0
2026-M010-GER-CUW,6,498,-1.5,0.0,0.0,0.0,0.0,0.0,0
2026-M033-GER-CIV,1,236,1.4000000000000021,6.0,1.0,11.0,14.0,0.0,0
2026-M074-GER-PAR,0,99,-2.0,2.666666666666667,0.0,10.0,58.66666666666666,0.0,0
2026-M021-GHA-PAN,1,-219,-0.3999999999999986,0.0,0.0,0.0,0.0,0.0,0
2026-M005-HAI-SCO,-1,-234,-0.3000000000000007,0.0,0.0,0.0,0.0,0.0,0
2026-M015-IRN-NZL,0,210,2.700000000000003,0.0,0.0,0.0,0.0,0.0,0
2026-M018-IRQ-NOR,-3,-307,-0.6999999999999993,0.0,0.0,0.0,0.0,0.0,0
2026-M044-JOR-ALG,-1,-92,2.099999999999998,1.0,0.0,4.0,-21.0,0.0,0
2026-M070-JOR-ARG,-2,-435,1.0,-1.5,2.5,-1.0,-4.0,0.0,0
2026-M057-JPN-SWE,0,194,0.6999999999999993,0.0,-2.0,-5.0,-17.0,0.0,0
2026-M002-KOR-CZE,1,18,2.3000000000000007,0.0,0.0,0.0,0.0,0.0,0
2026-M013-KSA-URU,0,-316,1.0999999999999979,0.0,0.0,0.0,0.0,0.0,0
2026-M050-MAR-HAI,2,279,-0.5,1.0,-1.5,1.0,11.0,0.0,0
2026-M001-MEX-RSA,2,357,-1.5,0.0,0.0,0.0,0.0,0.0,0
2026-M028-MEX-KOR,1,117,-2.8000000000000007,0.0,-1.0,1.0,12.0,0.0,0
2026-M079-MEX-ECU,2,-63,-0.10000000000000142,1.3333333333333335,-0.6666666666666666,-4.666666666666666,-17.33333333333333,1.0,0
2026-M092-MEX-ENG,-1,-149,-0.10000000000000142,0.0,-0.75,-4.25,-23.0,1.0,0
2026-M011-NED-JPN,0,42,0.10000000000000142,0.0,0.0,0.0,0.0,0.0,0
2026-M035-NED-SWE,4,236,0.8000000000000007,-3.0,1.0,-3.0,11.0,0.0,0
2026-M075-NED-MAR,0,121,0.6999999999999993,1.3333333333333335,0.33333333333333326,-2.333333333333332,-5.0,-1.0,0
2026-M041-NOR-SEN,1,54,1.3000000000000007,3.0,-2.0,4.0,6.0,0.0,0
2026-M061-NOR-FRA,-3,-149,1.1000000000000014,0.5,1.0,-4.5,-24.5,0.0,0
2026-M099-NOR-ENG,-1,-110,1.0,0.19999999999999973,0.8,-4.6,2.799999999999983,0.0,0
2026-M040-NZL-EGY,-2,-134,-1.0,1.0,1.0,-3.0,-5.0,0.0,0
2026-M064-NZL-BEL,-4,-331,0.6999999999999993,1.0,2.0,-7.0,-27.5,0.0,0
2026-M046-PAN-CRO,-1,-181,-2.3999999999999986,-2.0,-3.0,0.0,31.0,0.0,0
2026-M067-PAN-ENG,-2,-294,0.1999999999999993,-2.0,0.0,-9.5,11.5,0.0,0
2026-M060-PAR-AUS,0,56,1.9000000000000021,0.0,1.0,-0.5,-11.5,0.0,0
2026-M089-PAR-FRA,-1,-230,2.1000000000000014,-2.5,0.75,-11.0,-44.25,1.0,0
2026-M023-POR-COD,0,337,-0.5,0.0,0.0,0.0,0.0,0.0,0
2026-M047-POR-GHA,5,478,1.6999999999999993,0.5,1.0,2.5,93.5,6.0,0
2026-M083-POR-CRO,1,78,-1.0999999999999979,0.33333333333333326,-1.3333333333333335,3.333333333333333,38.33333333333333,0.0,0
2026-M093-POR-ESP,-1,-168,1.1000000000000014,0.0,0.5,-5.75,-26.5,0.0,0
2026-M008-QAT-SUI,0,-470,2.1999999999999993,0.0,0.0,0.0,0.0,0.0,0
2026-M054-RSA-KOR,1,-240,-1.3000000000000007,-0.5,0.5,-0.5,2.0,0.0,0
2026-M073-RSA-CAN,-1,-270,0.6999999999999993,-2.0,0.0,-5.666666666666668,-19.000000000000014,0.0,0
2026-M030-SCO-MAR,-1,-45,0.8000000000000007,0.0,-1.0,-3.0,-8.0,0.0,0
2026-M049-SCO-BRA,-3,-209,1.5,-1.5,0.0,-0.5,-6.5,0.0,0
2026-M062-SEN-IRQ,5,253,-0.6000000000000014,1.0,-0.5,2.5,13.5,0.0,0
2026-M026-SUI-BIH,3,296,1.9000000000000021,0.0,0.0,16.0,39.0,-1.0,0
2026-M051-SUI-CAN,1,103,0.6000000000000014,-1.0,0.5,-0.5,7.0,0.0,0
2026-M085-SUI-ALG,2,119,1.5,0.6666666666666667,-1.3333333333333335,2.666666666666666,18.666666666666657,3.0,0
2026-M096-SUI-COL,0,-91,1.4000000000000021,1.0,0.5,-5.0,23.75,1.0,0
2026-M012-SWE-TUN,4,84,-0.6999999999999993,0.0,0.0,0.0,0.0,0.0,0
2026-M036-TUN-JPN,-4,-278,0.0,-1.0,3.0,-3.0,7.0,0.0,0
2026-M058-TUN-NED,-2,-320,-0.10000000000000142,-3.0,3.0,-6.0,-13.5,0.0,0
2026-M031-TUR-PAR,-1,77,-1.0,-1.0,-2.0,23.0,66.0,-1.0,0
2026-M059-TUR-USA,1,184,3.900000000000002,-3.0,1.0,18.0,27.5,0.0,0
2026-M037-URU-CPV,0,314,-0.6999999999999993,1.0,1.0,17.0,48.0,0.0,0
2026-M066-URU-ESP,-1,-265,1.9000000000000021,-0.5,1.5,-2.5,-37.0,0.0,0
2026-M004-USA-PAR,3,-107,-4.900000000000002,0.0,0.0,0.0,0.0,0.0,0
2026-M032-USA-AUS,2,-51,-3.0,2.0,1.0,6.0,73.0,1.0,0
2026-M081-USA-BIH,2,131,-2.3000000000000007,0.9999999999999998,-0.6666666666666667,5.333333333333332,26.0,-1.0,0
2026-M094-USA-BEL,-3,-167,-3.3000000000000007,0.25,0.0,-8.5,-14.5,0.0,0
2026-M024-UZB-COL,-2,-268,-1.0,0.0,0.0,0.0,0.0,0.0,0
