team_id,team_name,elo,elo_rank,squad_size,squad_avg_age,wc_participations,foreigners_pct,squad_value_meur,avg_player_value_meur
ALG,Algeria,1772,29,25,25.6,5,88.0,252.95,10.12
ARG,Argentina,2115,2,34,26.7,20,88.2,1040.0,30.6
AUS,Australia,1777,28,25,25.9,7,96.0,75.5,3.02
AUT,Austria,1830,23,29,26.5,9,75.9,266.8,9.2
BEL,Belgium,1893,15,28,26.2,15,85.7,620.8,22.17
BIH,Bosnia and Herzegovina,1595,65,25,25.2,2,96.0,160.8,6.43
BRA,Brazil,1991,5,26,25.1,23,57.7,904.5,34.79
CAN,Canada,1788,25,26,26.5,3,84.6,141.48,5.44
CIV,Côte d'Ivoire,1696,48,22,24.4,4,100.0,474.5,21.57
COD,Congo DR,1652,55,25,27.8,1,96.0,162.6,6.5
COL,Colombia,1982,7,26,25.7,7,92.3,257.65,9.91
CPV,Cabo Verde,1578,68,24,28.8,1,100.0,64.6,2.69
CRO,Croatia,1911,12,27,28.4,7,88.9,460.0,17.04
CUW,Curaçao,1434,91,23,27.3,1,100.0,22.23,0.966
CZE,Czechia,1740,35,27,26.2,2,63.0,192.9,7.14
ECU,Ecuador,1938,9,24,25.8,5,91.7,190.05,7.92
EGY,Egypt,1696,48,24,27.9,4,33.3,102.15,4.26
ENG,England,2024,4,25,25.8,17,24.0,1560.0,62.54
ESP,Spain,2157,1,25,26.2,18,32.0,1310.0,52.22
FRA,France,2063,3,23,25.7,17,78.3,1510.0,65.48
GER,Germany,1932,10,43,25.8,21,27.9,1360.0,31.56
GHA,Ghana,1511,81,23,25.6,5,95.7,146.35,6.36
GHA,Uzbekistan,1714,41,27,24.7,1,33.3,83.2,3.08
HAI,Haiti,1548,73,25,26.3,2,100.0,52.25,2.09
IRN,IR Iran,1772,29,25,29.6,7,28.0,25.5,1.02
IRQ,Iraq,1607,63,26,26.1,2,30.8,16.6,0.638
JOR,Jordan,1680,52,29,27.7,1,55.2,21.53,0.742
JPN,Japan,1906,14,28,26.4,8,78.6,294.85,10.53
KOR,Korea Republic,1758,33,30,28.5,12,60.0,135.35,4.51
KSA,Saudi Arabia,1576,69,22,29.2,7,0.0,21.43,0.974
MAR,Morocco,1827,24,30,25.8,8,93.3,603.35,20.11
MEX,Mexico,1875,18,30,25.7,18,36.7,237.8,7.93
NED,Netherlands,1948,8,23,26.5,12,82.6,686.0,29.83
NOR,Norway,1914,11,25,26.8,4,80.0,647.1,25.88
NZL,New Zealand,1562,72,24,26.9,3,70.8,29.18,1.22
PAN,Panama,1730,38,25,26.0,2,92.0,30.33,1.21
PAR,Paraguay,1833,22,26,27.8,10,84.6,164.4,6.32
POR,Portugal,1989,6,23,27.3,10,78.3,946.0,41.13
QAT,Qatar,1421,96,26,29.3,2,3.8,19.9,0.765
RSA,South Africa,1518,80,30,27.2,4,30.0,48.65,1.62
SCO,Scotland,1782,26,29,26.6,9,75.9,173.6,5.99
SEN,Senegal,1860,21,29,25.5,4,100.0,567.6,19.57
SUI,Switzerland,1891,17,25,27.1,13,80.0,305.9,12.24
SWE,Sweden,1712,43,28,25.7,13,92.9,447.3,15.98
TUN,Tunisia,1628,58,24,26.4,7,75.0,50.68,2.11
TUR,Türkiye,1910,13,31,26.8,3,32.3,440.3,14.2
URU,Uruguay,1892,16,26,28.1,16,100.0,294.9,11.34
USA,USA,1726,39,28,22.9,12,53.6,269.0,9.61
UZB,Uzbekistan,1714,41,27,24.7,1,33.3,83.2,3.08
