Rank_Local,Rank_Global,Team,Rating,Average_Rank,Average_Rating,1Year_Change_Rank,1Year_Change_Rating,Matches_Total,Matches_Home,Matches_Away,Matches_Neutral,Matches_Won,Matches_Lost,Matches_Drawn,Goals_For,Goals_Against
1,1,Spain,2157,7,1947,0,0,782,341,302,139,462,138,182,1595,699
2,2,Argentina,2115,5,1988,0,−17,1111,381,419,311,612,228,271,2117,1136
3,3,France,2063,16,1796,0,+8,940,475,341,124,475,270,195,1710,1275
4,4,England,2024,4,1983,+2,+40,1162,509,524,129,685,215,262,2723,1118
5,5,Brazil,1991,4,1999,0,−10,1067,373,346,348,672,172,223,2302,957
6,6,Portugal,1989,19,1797,−2,−41,696,322,262,112,348,189,159,1226,781
7,7,Colombia,1982,48,1621,+1,+32,650,185,229,236,267,205,178,847,742
8,8,Netherlands,1948,15,1848,−1,−27,902,430,358,114,465,240,197,1893,1144
9,9,Ecuador,1938,64,1526,+2,+33,600,183,211,206,185,254,161,724,904
10,10,Germany,1932,8,1911,0,+19,1047,471,416,160,606,224,217,2358,1233
11,11,Norway,1914,38,1624,+3,+48,887,425,409,53,335,354,198,1377,1441
12,12,Croatia,1911,12,1881,−3,−15,400,158,167,75,210,84,106,696,404
13,13,Turkey,1910,42,1613,+9,+74,668,287,301,80,266,248,154,947,962
14,14,Japan,1906,61,1468,+2,+49,836,332,207,297,409,257,170,1518,985
15,15,Belgium,1893,24,1755,+2,+46,878,416,376,86,392,302,184,1606,1359
16,16,Uruguay,1892,12,1877,−4,−9,1019,336,432,251,446,321,252,1610,1254
17,17,Switzerland,1891,27,1689,+2,+47,897,426,391,80,319,374,204,1338,1489
18,18,Mexico,1875,20,1784,+6,+62,1029,297,273,459,535,257,237,1829,1054
19,21,Senegal,1860,56,1591,+8,+75,706,221,260,225,319,193,194,969,672
20,22,Paraguay,1833,23,1755,+1,+9,789,215,365,209,277,303,209,1006,1115
21,23,Austria,1830,20,1809,−5,−15,871,435,385,51,371,313,187,1566,1330
22,24,Morocco,1827,43,1657,+1,+15,730,319,219,192,365,165,200,1108,615
23,25,Canada,1788,49,1599,+4,+3,490,154,200,136,190,185,115,629,624
24,26,Scotland,1782,14,1877,+14,+65,866,403,410,53,410,268,188,1490,1074
25,28,Australia,1777,35,1671,+3,+2,638,272,223,143,326,181,131,1291,721
26,29,Algeria,1772,47,1621,+14,+68,691,261,235,195,312,196,183,1060,704
26,29,Iran,1772,41,1657,−3,−29,668,222,194,252,383,132,153,1270,525
28,33,South Korea,1758,35,1687,−1,−12,1052,353,255,444,573,221,258,1913,965
29,35,Czechia,1740,13,1856,0,−9,886,362,417,107,428,259,199,1634,1099
30,38,Panama,1730,99,1362,0,+1,594,201,228,165,197,252,145,743,915
31,39,United States,1726,40,1645,+6,+32,828,487,253,88,368,287,173,1254,1076
32,41,Uzbekistan,1714,60,1596,+1,+6,367,130,129,108,180,112,75,636,402
33,43,Sweden,1712,17,1796,−10,−48,1117,490,497,130,547,335,235,2218,1480
34,48,Ivory Coast,1696,45,1640,+16,+108,693,241,238,214,349,166,178,1132,696
34,48,Egypt,1696,37,1662,+1,+30,884,356,279,249,446,217,221,1535,921
36,52,Jordan,1680,111,1323,+5,+56,585,201,193,191,207,220,158,730,717
37,55,DR Congo,1652,62,1557,+11,+69,549,166,225,158,226,172,151,836,643
38,58,Tunisia,1628,47,1616,0,+15,776,336,253,187,330,231,215,1104,844
39,63,Iraq,1607,46,1629,+9,+57,760,138,231,391,359,189,212,1199,705
40,65,Bosnia and Herzegovina,1595,53,1626,+11,+72,281,118,136,27,104,111,66,394,386
41,68,Cape Verde,1578,120,1302,+9,+60,253,80,91,82,96,97,60,273,278
42,69,Saudi Arabia,1576,76,1498,−6,−15,840,325,151,364,396,248,196,1284,899
43,72,New Zealand,1562,66,1500,−12,−40,441,135,189,117,181,181,79,767,650
44,73,Haiti,1548,81,1418,+9,+50,563,181,196,186,247,198,118,962,761
45,80,South Africa,1518,30,1724,−10,−40,523,273,161,89,231,138,154,719,537
46,81,Ghana,1511,42,1651,+5,+33,779,247,298,234,370,213,196,1248,823
47,91,Curaçao,1434,97,1381,+14,+45,500,174,177,149,202,174,124,884,771
48,96,Qatar,1421,93,1416,−18,−96,699,328,147,224,289,233,177,993,826
