Team,Squad,Avg_Age,WC_Participations,Foreigners_Pct,Market_Value,Avg_Market_Value
England,25,25.8,17,24.0 %,€1.56bn,€62.54m
France,23,25.7,17,78.3 %,€1.51bn,€65.48m
Germany,43,25.8,21,27.9 %,€1.36bn,€31.56m
Spain,25,26.2,18,32.0 %,€1.31bn,€52.22m
Argentina,34,26.7,20,88.2 %,€1.04bn,€30.60m
Portugal,23,27.3,10,78.3 %,€946.00m,€41.13m
Brazil,26,25.1,23,57.7 %,€904.50m,€34.79m
Netherlands,23,26.5,12,82.6 %,€686.00m,€29.83m
Norway,25,26.8,4,80.0 %,€647.10m,€25.88m
Belgium,28,26.2,15,85.7 %,€620.80m,€22.17m
Morocco,30,25.8,8,93.3 %,€603.35m,€20.11m
Senegal,29,25.5,4,100.0 %,€567.60m,€19.57m
Ivory Coast,22,24.4,4,100.0 %,€474.50m,€21.57m
Croatia,27,28.4,7,88.9 %,€460.00m,€17.04m
Sweden,28,25.7,13,92.9 %,€447.30m,€15.98m
Turkiye,31,26.8,3,32.3 %,€440.30m,€14.20m
Switzerland,25,27.1,13,80.0 %,€305.90m,€12.24m
Uruguay,26,28.1,16,100.0 %,€294.90m,€11.34m
Japan,28,26.4,8,78.6 %,€294.85m,€10.53m
United States,28,22.9,12,53.6 %,€269.00m,€9.61m
Austria,29,26.5,9,75.9 %,€266.80m,€9.20m
Colombia,26,25.7,7,92.3 %,€257.65m,€9.91m
Algeria,25,25.6,5,88.0 %,€252.95m,€10.12m
Mexico,30,25.7,18,36.7 %,€237.80m,€7.93m
Czechia,27,26.2,2,63.0 %,€192.90m,€7.14m
Ecuador,24,25.8,5,91.7 %,€190.05m,€7.92m
Scotland,29,26.6,9,75.9 %,€173.60m,€5.99m
Paraguay,26,27.8,10,84.6 %,€164.40m,€6.32m
Democratic Republic of the Congo,25,27.8,1,96.0 %,€162.60m,€6.50m
Bosnia-Herzegovina,25,25.2,2,96.0 %,€160.80m,€6.43m
Ghana,23,25.6,5,95.7 %,€146.35m,€6.36m
Canada,26,26.5,3,84.6 %,€141.48m,€5.44m
South Korea,30,28.5,12,60.0 %,€135.35m,€4.51m
Egypt,24,27.9,4,33.3 %,€102.15m,€4.26m
Uzbekistan,27,24.7,1,33.3 %,€83.20m,€3.08m
Australia,25,25.9,7,96.0 %,€75.50m,€3.02m
Cape Verde,24,28.8,1,100.0 %,€64.60m,€2.69m
Haiti,25,26.3,2,100.0 %,€52.25m,€2.09m
Tunisia,24,26.4,7,75.0 %,€50.68m,€2.11m
South Africa,30,27.2,4,30.0 %,€48.65m,€1.62m
Panama,25,26.0,2,92.0 %,€30.33m,€1.21m
New Zealand,24,26.9,3,70.8 %,€29.18m,€1.22m
Iran,25,29.6,7,28.0 %,€25.50m,€1.02m
Curaçao,23,27.3,1,100.0 %,€22.23m,€966k
Jordan,29,27.7,1,55.2 %,€21.53m,€742k
Saudi Arabia,22,29.2,7,0.0 %,€21.43m,€974k
Qatar,26,29.3,2,3.8 %,€19.90m,€765k
Iraq,26,26.1,2,30.8 %,€16.60m,€638k
