Match,Team,Player_Num,Player_Name,Att,Cmp,Completion_Pct,Raw_Distributions
PMSR-M05-HAI-V-SCO.pdf,Haiti,1,Johny PLACIDE,11,3,27,0 2 0 0 1 6 1 1 0 0 0 11 11 0 0
PMSR-M05-HAI-V-SCO.pdf,Haiti,2,Carlens ARCUS,6,5,83,0 0 0 0 0 1 0 5 0 0 3 3 6 0 0
PMSR-M05-HAI-V-SCO.pdf,Haiti,4,Ricardo ADE,16,11,69,0 0 0 0 7 3 2 4 0 2 4 10 16 0 0
PMSR-M05-HAI-V-SCO.pdf,Haiti,5,Hannes DELCROIX,16,16,100,0 0 0 0 9 3 0 4 0 1 15 0 15 0 1
PMSR-M05-HAI-V-SCO.pdf,Haiti,8,Martin EXPERIENCE,14,10,71,0 1 1 0 6 1 0 3 2 3 7 4 13 0 1
PMSR-M05-HAI-V-SCO.pdf,Haiti,10,Jean-Ricner BELLEGARDE,19,12,63,0 1 0 0 2 4 0 11 1 4 7 8 13 4 2
PMSR-M05-HAI-V-SCO.pdf,Haiti,11,Louicius DEEDSON,3,2,67,0 0 0 0 0 1 0 0 2 1 1 1 0 1 2
PMSR-M05-HAI-V-SCO.pdf,Haiti,15,Ruben PROVIDENCE,2,1,50,0 0 0 0 0 0 0 1 1 0 1 1 1 1 0
PMSR-M05-HAI-V-SCO.pdf,Haiti,17,Danley JEAN JACQUES,19,17,89,0 0 0 0 5 6 0 7 1 5 12 2 17 1 1
PMSR-M05-HAI-V-SCO.pdf,Haiti,18,Wilson ISIDOR,1,1,100,0 0 0 0 0 1 0 0 0 0 0 1 1 0 0
PMSR-M05-HAI-V-SCO.pdf,Haiti,20,Frantzdy PIERROT,0,0,0,0 0 0 0 0 0 0 0 0 0 0 0 0 0 0
PMSR-M05-HAI-V-SCO.pdf,Haiti,16,Lenny JOSEPH,1,1,100,0 0 0 0 0 0 1 0 0 1 0 0 1 0 0
PMSR-M05-HAI-V-SCO.pdf,Haiti,19,Yassin FORTUNE,2,1,50,0 0 0 0 0 1 0 1 0 0 2 0 1 0 1
PMSR-M05-HAI-V-SCO.pdf,Haiti,21,Josue CASIMIR,4,4,100,0 0 0 0 2 1 0 0 1 0 3 1 3 0 1
PMSR-M05-HAI-V-SCO.pdf,Scotland,1,Angus GUNN,18,11,61,0 0 0 0 5 11 0 2 0 0 0 18 18 0 0
PMSR-M05-HAI-V-SCO.pdf,Scotland,2,Aaron HICKEY,10,8,80,0 0 0 0 5 2 1 2 0 3 4 3 9 1 0
PMSR-M05-HAI-V-SCO.pdf,Scotland,3,Andy ROBERTSON,27,15,56,0 1 1 1 3 13 2 6 0 3 8 16 22 5 0
PMSR-M05-HAI-V-SCO.pdf,Scotland,4,Scott McTOMINAY,9,9,100,0 1 0 0 2 2 1 3 0 3 5 1 9 0 0
PMSR-M05-HAI-V-SCO.pdf,Scotland,5,Grant HANLEY,11,8,73,0 0 2 1 7 0 1 0 0 0 5 6 11 0 0
PMSR-M05-HAI-V-SCO.pdf,Scotland,7,John McGINN,5,5,100,0 0 0 0 0 3 1 1 0 2 2 1 4 0 1
PMSR-M05-HAI-V-SCO.pdf,Scotland,10,Che ADAMS,5,2,40,0 0 0 0 0 3 2 0 0 2 2 1 5 0 0
PMSR-M05-HAI-V-SCO.pdf,Scotland,13,Jack HENDRY,14,12,86,0 0 0 0 9 3 1 1 0 0 12 2 12 0 2
PMSR-M05-HAI-V-SCO.pdf,Scotland,19,Lewis FERGUSON,11,9,82,0 0 0 0 3 3 1 4 0 4 3 4 11 0 0
PMSR-M05-HAI-V-SCO.pdf,Scotland,20,Lawrence SHANKLAND,2,0,0,0 0 0 0 0 0 2 0 0 0 0 2 2 0 0
PMSR-M05-HAI-V-SCO.pdf,Scotland,9,Lyndon DYKES,2,0,0,0 0 0 0 0 0 2 0 0 1 0 1 2 0 0
PMSR-M05-HAI-V-SCO.pdf,Scotland,11,Ryan CHRISTIE,0,0,0,0 0 0 0 0 0 0 0 0 0 0 0 0 0 0
PMSR-M05-HAI-V-SCO.pdf,Scotland,22,Nathan PATTERSON,3,1,33,0 0 0 0 1 1 0 1 0 1 0 2 3 0 0
PMSR-M05-HAI-V-SCO.pdf,Scotland,23,Kenny McLEAN,2,2,100,1 0 0 0 0 1 0 0 0 0 1 1 1 1 0
PMSR-M05-HAI-V-SCO.pdf,Scotland,25,Findlay CURTIS,2,2,100,0 0 0 0 1 0 1 0 0 1 1 0 1 0 1
PMSR-M07-BRA-V-MAR POST-V2.pdf,Brazil,1,ALISSON,9,5,56,0 0 1 0 3 3 1 1 0 1 0 8 9 0 0
PMSR-M07-BRA-V-MAR POST-V2.pdf,Brazil,3,GABRIEL MAGALHAES,11,10,91,0 0 0 0 10 0 0 1 0 4 7 0 11 0 0
PMSR-M07-BRA-V-MAR POST-V2.pdf,Brazil,4,MARQUINHOS,9,7,78,0 1 0 0 3 5 0 0 0 1 7 1 9 0 0
PMSR-M07-BRA-V-MAR POST-V2.pdf,Brazil,5,CASEMIRO,5,4,80,0 0 0 0 0 0 1 4 0 3 0 2 4 1 0
PMSR-M07-BRA-V-MAR POST-V2.pdf,Brazil,7,VINICIUS JUNIOR,9,5,56,0 0 0 0 1 2 1 3 2 3 4 2 6 0 3
PMSR-M07-BRA-V-MAR POST-V2.pdf,Brazil,8,BRUNO GUIMARAES,6,5,83,0 0 0 0 3 1 1 1 0 4 1 1 6 0 0
PMSR-M07-BRA-V-MAR POST-V2.pdf,Brazil,11,RAPHINHA,6,2,33,0 0 0 1 0 1 2 1 1 1 4 1 3 0 3
PMSR-M07-BRA-V-MAR POST-V2.pdf,Brazil,16,DOUGLAS SANTOS,20,17,85,0 0 0 0 13 4 0 3 0 1 13 6 19 1 0
PMSR-M07-BRA-V-MAR POST-V2.pdf,Brazil,20,LUCAS PAQUETA,6,3,50,0 0 0 0 0 3 1 2 0 2 1 3 6 0 0
PMSR-M07-BRA-V-MAR POST-V2.pdf,Brazil,24,ROGER IBANEZ,7,7,100,0 0 0 0 1 4 1 1 0 1 5 1 7 0 0
PMSR-M07-BRA-V-MAR POST-V2.pdf,Brazil,25,IGOR THIAGO,2,0,0,0 0 0 0 0 2 0 0 0 0 1 1 1 0 1
PMSR-M07-BRA-V-MAR POST-V2.pdf,Brazil,9,MATHEUS CUNHA,4,2,50,0 0 0 0 0 1 1 0 2 2 2 0 2 0 2
PMSR-M07-BRA-V-MAR POST-V2.pdf,Brazil,13,DANILO,16,13,81,0 1 0 0 8 2 0 5 0 2 12 2 16 0 0
PMSR-M07-BRA-V-MAR POST-V2.pdf,Brazil,17,FABINHO,3,3,100,0 0 0 0 2 0 0 1 0 1 2 0 3 0 0
PMSR-M07-BRA-V-MAR POST-V2.pdf,Brazil,18,DANILO SANTOS,0,0,0,0 0 0 0 0 0 0 0 0 0 0 0 0 0 0
PMSR-M07-BRA-V-MAR POST-V2.pdf,Brazil,21,LUIZ HENRIQUE,6,6,100,0 0 0 0 1 1 1 1 2 2 3 1 6 0 0
PMSR-M07-BRA-V-MAR POST-V2.pdf,Morocco,1,Yassine BOUNOU,17,1,6,0 0 0 1 1 10 2 3 0 0 0 17 17 0 0
PMSR-M07-BRA-V-MAR POST-V2.pdf,Morocco,2,Achraf HAKIMI,11,9,82,0 0 0 0 3 4 0 3 1 3 5 3 9 1 1
PMSR-M07-BRA-V-MAR POST-V2.pdf,Morocco,3,Noussair MAZRAOUI,15,11,73,0 0 0 0 6 1 1 7 0 3 10 2 12 0 3
PMSR-M07-BRA-V-MAR POST-V2.pdf,Morocco,6,Ayyoub BOUADDI,15,11,73,0 0 0 0 7 5 0 3 0 5 8 2 12 0 3
PMSR-M07-BRA-V-MAR POST-V2.pdf,Morocco,8,Azzedine OUNAHI,5,5,100,0 0 0 0 0 0 0 5 0 4 1 0 5 0 0
PMSR-M07-BRA-V-MAR POST-V2.pdf,Morocco,10,Brahim DIAZ,7,3,43,0 1 0 0 0 1 1 2 2 2 4 1 4 0 3
PMSR-M07-BRA-V-MAR POST-V2.pdf,Morocco,11,Ismael SAIBARI,3,2,67,0 0 0 0 0 0 2 1 0 1 1 1 3 0 0
PMSR-M07-BRA-V-MAR POST-V2.pdf,Morocco,14,Issa DIOP,18,10,56,0 0 0 0 8 6 1 2 1 3 9 6 18 0 0
PMSR-M07-BRA-V-MAR POST-V2.pdf,Morocco,18,Chadi RIAD,11,7,64,1 0 0 0 4 4 1 1 0 3 5 3 11 0 0
PMSR-M07-BRA-V-MAR POST-V2.pdf,Morocco,23,Bilal EL KHANNOUSS,6,6,100,0 0 1 0 0 4 0 1 0 0 6 0 6 0 0
PMSR-M07-BRA-V-MAR POST-V2.pdf,Morocco,24,Neil EL AYNAOUI,16,13,81,0 0 0 0 5 7 0 4 0 6 9 1 15 0 1
PMSR-M07-BRA-V-MAR POST-V2.pdf,Morocco,7,Chemsdine TALBI,2,1,50,0 0 0 0 0 2 0 0 0 0 1 1 1 1 0
PMSR-M07-BRA-V-MAR POST-V2.pdf,Morocco,9,Soufiane RAHIMI,0,0,0,0 0 0 0 0 0 0 0 0 0 0 0 0 0 0
PMSR-M07-BRA-V-MAR POST-V2.pdf,Morocco,15,Samir EL MOURABET,3,2,67,0 0 0 0 0 1 1 0 1 1 1 1 3 0 0
PMSR-M07-BRA-V-MAR POST-V2.pdf,Morocco,21,Ayoube AMAIMOUNI,2,0,0,0 0 1 0 0 1 0 0 0 0 0 2 1 1 0
PMSR-M07-BRA-V-MAR POST-V2.pdf,Morocco,26,Anass SALAH EDDINE,1,0,0,0 0 0 0 0 1 0 0 0 0 0 1 1 0 0
PMSR-M09-CIV-V-ECU.pdf,Ivoire,1,Yahia FOFANA,16,7,44,1 0 0 0 6 8 0 1 0 2 2 12 16 0 0
PMSR-M09-CIV-V-ECU.pdf,Ivoire,3,Ghislain KONAN,19,13,68,0 0 1 0 10 4 1 3 0 3 9 7 19 0 0
PMSR-M09-CIV-V-ECU.pdf,Ivoire,5,Wilfried SINGO,21,19,90,0 0 1 0 14 4 0 2 0 1 16 4 18 0 3
PMSR-M09-CIV-V-ECU.pdf,Ivoire,6,Seko FOFANA,3,1,33,0 0 0 0 1 1 0 0 1 2 1 0 3 0 0
PMSR-M09-CIV-V-ECU.pdf,Ivoire,8,Franck KESSIE,19,17,89,1 0 0 0 9 4 2 3 0 6 9 4 18 0 1
PMSR-M09-CIV-V-ECU.pdf,Ivoire,11,Yan DIOMANDE,13,9,69,0 0 0 0 1 3 2 2 5 4 7 2 8 3 2
PMSR-M09-CIV-V-ECU.pdf,Ivoire,12,Elye WAHI,2,0,0,0 0 0 0 0 0 1 0 1 1 1 0 2 0 0
PMSR-M09-CIV-V-ECU.pdf,Ivoire,17,Guela DOUE,19,18,95,0 1 0 0 6 8 0 4 0 4 11 4 18 1 0
PMSR-M09-CIV-V-ECU.pdf,Ivoire,19,Nicolas PEPE,4,4,100,0 0 0 1 1 1 1 0 0 0 3 1 4 0 0
PMSR-M09-CIV-V-ECU.pdf,Ivoire,20,Emmanuel AGBADOU,14,12,86,0 0 0 0 11 3 0 0 0 3 8 3 13 0 1
PMSR-M09-CIV-V-ECU.pdf,Ivoire,24,Bazoumana TOURE,2,1,50,0 0 0 0 0 1 0 1 0 1 0 1 2 0 0
PMSR-M09-CIV-V-ECU.pdf,Ivoire,7,Odilon KOSSOUNOU,0,0,0,0 0 0 0 0 0 0 0 0 0 0 0 0 0 0
PMSR-M09-CIV-V-ECU.pdf,Ivoire,9,Ange-Yoan BONNY,0,0,0,0 0 0 0 0 0 0 0 0 0 0 0 0 0 0
PMSR-M09-CIV-V-ECU.pdf,Ivoire,15,Amad DIALLO,5,5,100,0 0 0 0 0 1 1 1 2 0 3 2 3 0 2
PMSR-M09-CIV-V-ECU.pdf,Ivoire,18,Ibrahim SANGARE,2,2,100,0 0 0 0 0 1 0 1 0 1 1 0 2 0 0
PMSR-M09-CIV-V-ECU.pdf,Ivoire,26,Christ Inao OULAI,5,5,100,0 0 0 0 0 2 0 3 0 1 4 0 4 0 1
PMSR-M09-CIV-V-ECU.pdf,Ecuador,1,Hernan GALINDEZ,20,9,45,1 1 2 1 5 6 1 3 0 2 3 15 20 0 0
PMSR-M09-CIV-V-ECU.pdf,Ecuador,3,Piero HINCAPIE,12,4,33,0 0 0 1 1 4 3 2 1 0 4 8 9 2 1
PMSR-M09-CIV-V-ECU.pdf,Ecuador,4,Joel ORDONEZ,10,6,60,0 0 1 0 1 7 0 1 0 1 3 6 10 0 0
PMSR-M09-CIV-V-ECU.pdf,Ecuador,6,Willian PACHO,22,16,73,0 1 2 0 15 3 0 1 0 2 15 5 21 0 1
PMSR-M09-CIV-V-ECU.pdf,Ecuador,9,John YEBOAH,3,2,67,0 0 0 0 0 1 0 2 0 1 1 1 3 0 0
PMSR-M09-CIV-V-ECU.pdf,Ecuador,13,Enner VALENCIA,1,1,100,0 0 0 0 0 0 0 1 0 1 0 0 1 0 0
PMSR-M09-CIV-V-ECU.pdf,Ecuador,14,Alan MINDA,2,1,50,0 0 0 0 0 0 1 1 0 0 1 1 1 1 0
PMSR-M09-CIV-V-ECU.pdf,Ecuador,15,Pedro VITE,20,20,100,0 0 0 0 9 7 1 3 0 8 9 3 20 0 0
PMSR-M09-CIV-V-ECU.pdf,Ecuador,19,Gonzalo PLATA,11,9,82,0 0 0 0 1 5 1 1 3 4 6 1 8 0 3
PMSR-M09-CIV-V-ECU.pdf,Ecuador,21,Alan FRANCO,18,16,89,0 0 0 0 9 3 1 5 0 0 15 3 17 0 1
PMSR-M09-CIV-V-ECU.pdf,Ecuador,23,Moises CAICEDO,20,17,85,0 0 0 0 3 8 2 7 0 10 8 2 19 1 0
PMSR-M09-CIV-V-ECU.pdf,Ecuador,11,Kevin RODRIGUEZ,0,0,0,0 0 0 0 0 0 0 0 0 0 0 0 0 0 0
PMSR-M09-CIV-V-ECU.pdf,Ecuador,17,Angelo PRECIADO,6,4,67,0 0 0 1 0 2 2 1 0 0 2 4 5 0 1
PMSR-M09-CIV-V-ECU.pdf,Ecuador,20,Nilson ANGULO,2,1,50,0 0 0 0 1 0 1 0 0 2 0 0 2 0 0
PMSR-M09-CIV-V-ECU.pdf,Ecuador,25,Jackson POROZO,0,0,0,0 0 0 0 0 0 0 0 0 0 0 0 0 0 0
PMSR-M12-SWE-V-TUN.pdf,Sweden,23,Kristoffer NORDFELDT,15,6,40,0 0 1 0 2 8 2 2 0 0 1 14 15 0 0
PMSR-M12-SWE-V-TUN.pdf,Sweden,2,Gustaf LAGERBIELKE,20,12,60,0 0 0 3 6 5 3 3 0 1 7 12 20 0 0
PMSR-M12-SWE-V-TUN.pdf,Sweden,3,Victor LINDELOF,20,17,85,0 0 0 0 12 3 1 3 1 2 14 4 19 0 1
PMSR-M12-SWE-V-TUN.pdf,Sweden,4,Isak HIEN,7,5,71,0 0 0 0 2 1 0 3 1 2 3 2 7 0 0
PMSR-M12-SWE-V-TUN.pdf,Sweden,5,Gabriel GUDMUNDSSON,7,1,14,0 0 0 1 1 2 1 2 0 0 1 6 6 1 0
PMSR-M12-SWE-V-TUN.pdf,Sweden,9,Alexander ISAK,4,3,75,0 0 0 0 0 2 1 1 0 1 2 1 3 1 0
PMSR-M12-SWE-V-TUN.pdf,Sweden,10,Benjamin NYGREN,3,3,100,0 0 0 1 0 1 0 1 0 0 2 1 3 0 0
PMSR-M12-SWE-V-TUN.pdf,Sweden,16,Jesper KARLSTROM,4,3,75,0 0 0 0 1 0 0 3 0 0 2 2 3 0 1
PMSR-M12-SWE-V-TUN.pdf,Sweden,17,Viktor GYOKERES,2,2,100,0 0 0 1 0 0 1 0 0 0 2 0 2 0 0
PMSR-M12-SWE-V-TUN.pdf,Sweden,18,Yasin AYARI,12,5,42,0 0 0 0 1 3 1 6 1 4 2 6 10 2 0
PMSR-M12-SWE-V-TUN.pdf,Sweden,21,Alexander BERNHARDSSON,8,5,62,0 0 0 0 1 5 0 0 2 1 4 3 6 0 2
PMSR-M12-SWE-V-TUN.pdf,Sweden,7,Lucas BERGVALL,4,4,100,0 0 0 0 0 4 0 0 0 3 1 0 4 0 0
PMSR-M12-SWE-V-TUN.pdf,Sweden,8,Daniel SVENSSON,1,0,0,0 0 0 0 0 0 0 0 1 0 1 0 1 0 0
PMSR-M12-SWE-V-TUN.pdf,Sweden,11,Anthony ELANGA,0,0,0,0 0 0 0 0 0 0 0 0 0 0 0 0 0 0
PMSR-M12-SWE-V-TUN.pdf,Sweden,19,Mattias SVANBERG,0,0,0,0 0 0 0 0 0 0 0 0 0 0 0 0 0 0
PMSR-M12-SWE-V-TUN.pdf,Sweden,24,Elliot STROUD,5,5,100,0 0 0 0 1 1 2 1 0 2 2 1 4 0 1
PMSR-M12-SWE-V-TUN.pdf,Tunisia,1,Mouhib CHAMAKH,9,3,33,0 2 1 0 0 4 0 2 0 0 0 9 9 0 0
PMSR-M12-SWE-V-TUN.pdf,Tunisia,2,Ali ABDI,5,1,20,0 1 0 1 1 1 1 0 0 1 1 3 5 0 0
PMSR-M12-SWE-V-TUN.pdf,Tunisia,3,Montassar TALBI,3,2,67,0 0 0 0 1 2 0 0 0 0 0 3 3 0 0
PMSR-M12-SWE-V-TUN.pdf,Tunisia,4,Omar REKIK,17,13,76,1 1 0 0 5 3 1 6 0 3 10 4 17 0 0
PMSR-M12-SWE-V-TUN.pdf,Tunisia,8,Elias SAAD,1,1,100,0 0 0 0 0 0 0 0 1 0 1 0 1 0 0
PMSR-M12-SWE-V-TUN.pdf,Tunisia,10,Hannibal MEJBRI,27,16,59,0 0 1 0 3 11 4 6 2 6 8 13 23 4 0
PMSR-M12-SWE-V-TUN.pdf,Tunisia,13,Rani KHEDIRA,2,1,50,0 0 0 0 0 1 1 0 0 1 0 1 2 0 0
PMSR-M12-SWE-V-TUN.pdf,Tunisia,17,Ellyes SKHIRI,14,11,79,0 0 0 0 4 5 2 3 0 8 4 2 13 0 1
PMSR-M12-SWE-V-TUN.pdf,Tunisia,20,Yan VALERY,4,1,25,0 0 0 0 1 0 3 0 0 1 2 1 3 0 1
PMSR-M12-SWE-V-TUN.pdf,Tunisia,21,Mohamed Amine BEN HMIDA,25,21,84,1 0 0 0 13 9 0 2 0 4 11 10 23 0 2
PMSR-M12-SWE-V-TUN.pdf,Tunisia,25,Anis SLIMANE,4,2,50,0 0 0 0 0 4 0 0 0 1 2 1 4 0 0
PMSR-M12-SWE-V-TUN.pdf,Tunisia,7,Elias ACHOURI,0,0,0,0 0 0 0 0 0 0 0 0 0 0 0 0 0 0
PMSR-M12-SWE-V-TUN.pdf,Tunisia,11,Ismael GHARBI,1,0,0,0 0 0 0 0 0 0 1 0 0 0 1 0 1 0
PMSR-M12-SWE-V-TUN.pdf,Tunisia,15,Mohamed HADJ MAHMOUD,4,4,100,0 0 0 0 2 2 0 0 0 1 1 2 4 0 0
PMSR-M12-SWE-V-TUN.pdf,Tunisia,19,Firas CHAOUAT,0,0,0,0 0 0 0 0 0 0 0 0 0 0 0 0 0 0
PMSR-M12-SWE-V-TUN.pdf,Tunisia,26,Sebastian TOUNEKTI,0,0,0,0 0 0 0 0 0 0 0 0 0 0 0 0 0 0
PMSR-M14-ESP-V-CPV.pdf,Spain,23,Unai SIMON,1,1,100,0 0 0 0 1 0 0 0 0 0 0 1 1 0 0
PMSR-M14-ESP-V-CPV.pdf,Spain,5,Marcos LLORENTE,13,9,69,0 0 0 0 2 0 0 7 4 1 10 2 12 0 1
PMSR-M14-ESP-V-CPV.pdf,Spain,7,Ferran TORRES,6,3,50,0 0 0 0 0 0 1 2 3 2 3 1 4 2 0
PMSR-M14-ESP-V-CPV.pdf,Spain,8,Fabian RUIZ,19,17,89,0 0 0 0 0 2 1 13 3 1 14 4 17 2 0
PMSR-M14-ESP-V-CPV.pdf,Spain,9,GAVI,3,2,67,0 0 0 0 0 1 1 1 0 1 0 2 2 1 0
PMSR-M14-ESP-V-CPV.pdf,Spain,14,Aymeric LAPORTE,32,28,88,1 0 0 0 4 2 1 23 1 6 20 6 29 0 3
PMSR-M14-ESP-V-CPV.pdf,Spain,16,RODRI,31,27,87,0 0 0 1 2 0 0 23 5 9 10 12 31 0 0
PMSR-M14-ESP-V-CPV.pdf,Spain,20,PEDRI,32,26,81,0 0 0 0 0 6 3 20 3 11 12 9 29 1 2
PMSR-M14-ESP-V-CPV.pdf,Spain,21,Mikel OYARZABAL,2,2,100,0 0 0 0 0 0 1 1 0 1 1 0 1 0 1
PMSR-M14-ESP-V-CPV.pdf,Spain,22,Pau CUBARSI,15,14,93,0 0 0 0 1 0 0 14 0 2 12 1 15 0 0
PMSR-M14-ESP-V-CPV.pdf,Spain,24,Marc CUCURELLA,8,7,88,0 0 0 0 3 0 1 4 0 0 7 1 8 0 0
PMSR-M14-ESP-V-CPV.pdf,Spain,6,Mikel MERINO,1,1,100,0 0 0 0 0 0 0 1 0 0 1 0 1 0 0
PMSR-M14-ESP-V-CPV.pdf,Spain,10,Dani OLMO,2,2,100,0 0 0 0 0 0 0 2 0 0 2 0 2 0 0
PMSR-M14-ESP-V-CPV.pdf,Spain,17,Nico WILLIAMS,2,1,50,0 0 0 0 0 0 1 0 1 0 2 0 1 0 1
PMSR-M14-ESP-V-CPV.pdf,Spain,19,Lamine YAMAL,7,4,57,0 0 0 0 0 0 1 4 2 0 4 3 2 2 3
PMSR-M14-ESP-V-CPV.pdf,Cabo Verde,1,VOZINHA,25,14,56,1 1 0 0 14 6 0 3 0 2 3 20 25 0 0
PMSR-M14-ESP-V-CPV.pdf,Cabo Verde,3,DINEY BORGES,11,8,73,1 0 1 1 4 3 0 1 0 1 6 4 11 0 0
PMSR-M14-ESP-V-CPV.pdf,Cabo Verde,4,PICO LOPES,17,10,59,1 2 0 0 10 2 2 0 0 4 9 4 17 0 0
PMSR-M14-ESP-V-CPV.pdf,Cabo Verde,6,KEVIN PINA,4,1,25,0 0 0 0 2 1 1 0 0 0 1 3 4 0 0
PMSR-M14-ESP-V-CPV.pdf,Cabo Verde,7,JOVANE CABRAL,1,0,0,0 0 0 0 0 0 1 0 0 0 0 1 1 0 0
PMSR-M14-ESP-V-CPV.pdf,Cabo Verde,10,JAMIRO MONTEIRO,5,0,0,0 0 0 0 0 4 1 0 0 0 2 3 5 0 0
PMSR-M14-ESP-V-CPV.pdf,Cabo Verde,13,SIDNY LOPES CABRAL,11,8,73,0 0 0 0 5 4 0 2 0 3 5 3 9 0 2
PMSR-M14-ESP-V-CPV.pdf,Cabo Verde,15,LAROS DUARTE,3,1,33,0 0 0 0 0 1 1 1 0 2 1 0 3 0 0
PMSR-M14-ESP-V-CPV.pdf,Cabo Verde,19,DAILON LIVRAMENTO,0,0,0,0 0 0 0 0 0 0 0 0 0 0 0 0 0 0
PMSR-M14-ESP-V-CPV.pdf,Cabo Verde,20,RYAN MENDES,4,3,75,0 0 0 0 0 3 0 1 0 3 1 0 4 0 0
PMSR-M14-ESP-V-CPV.pdf,Cabo Verde,22,STEVEN MOREIRA,9,4,44,0 1 0 0 3 3 1 1 0 1 3 5 9 0 0
PMSR-M14-ESP-V-CPV.pdf,Cabo Verde,8,JOAO PAULO,7,4,57,0 0 0 0 2 3 0 1 1 0 1 6 7 0 0
PMSR-M14-ESP-V-CPV.pdf,Cabo Verde,14,DEROY DUARTE,3,2,67,0 0 0 0 1 2 0 0 0 1 2 0 3 0 0
PMSR-M14-ESP-V-CPV.pdf,Cabo Verde,17,WILLY SEMEDO,2,0,0,0 0 0 0 0 2 0 0 0 0 0 2 2 0 0
PMSR-M14-ESP-V-CPV.pdf,Cabo Verde,18,TELMO ARCANJO,1,1,100,0 0 0 0 0 1 0 0 0 0 1 0 1 0 0
PMSR-M14-ESP-V-CPV.pdf,Cabo Verde,21,NUNO DA COSTA,3,1,33,0 0 0 0 0 0 2 0 1 0 1 2 3 0 0
PMSR-M19-ARG-V-ALG.pdf,Argentina,23,Emiliano MARTINEZ,16,8,50,0 1 2 0 3 9 0 1 0 0 0 16 16 0 0
PMSR-M19-ARG-V-ALG.pdf,Argentina,4,Gonzalo MONTIEL,4,3,75,0 0 0 0 1 2 0 1 0 0 1 3 4 0 0
PMSR-M19-ARG-V-ALG.pdf,Argentina,6,Lisandro MARTINEZ,14,13,93,0 0 0 0 9 2 0 3 0 5 8 1 14 0 0
PMSR-M19-ARG-V-ALG.pdf,Argentina,7,Rodrigo DE PAUL,9,6,67,0 0 0 0 2 3 1 3 0 6 2 1 7 1 1
PMSR-M19-ARG-V-ALG.pdf,Argentina,10,Lionel MESSI,15,12,80,0 0 0 0 1 2 2 8 2 8 4 3 13 1 1
PMSR-M19-ARG-V-ALG.pdf,Argentina,13,Cristian ROMERO,14,13,93,0 0 0 0 11 0 1 2 0 3 9 2 14 0 0
PMSR-M19-ARG-V-ALG.pdf,Argentina,16,Thiago ALMADA,6,4,67,1 0 0 0 2 1 0 1 1 3 2 1 6 0 0
PMSR-M19-ARG-V-ALG.pdf,Argentina,20,Alexis MAC ALLISTER,11,10,91,0 0 0 0 4 4 0 3 0 7 4 0 11 0 0
PMSR-M19-ARG-V-ALG.pdf,Argentina,22,Lautaro MARTINEZ,1,1,100,0 0 0 0 0 0 0 0 1 1 0 0 1 0 0
PMSR-M19-ARG-V-ALG.pdf,Argentina,24,Enzo FERNANDEZ,16,15,94,0 0 0 0 1 6 1 7 1 7 7 2 14 0 2
PMSR-M19-ARG-V-ALG.pdf,Argentina,25,Facundo MEDINA,7,7,100,0 1 0 0 5 0 0 1 0 1 5 1 7 0 0
PMSR-M19-ARG-V-ALG.pdf,Argentina,9,Julian ALVAREZ,0,0,0,0 0 0 0 0 0 0 0 0 0 0 0 0 0 0
PMSR-M19-ARG-V-ALG.pdf,Argentina,15,Nico GONZALEZ,1,0,0,0 0 0 0 0 1 0 0 0 1 0 0 0 0 1
PMSR-M19-ARG-V-ALG.pdf,Argentina,18,Nico PAZ,2,2,100,0 0 0 1 0 0 0 1 0 1 1 0 2 0 0
PMSR-M19-ARG-V-ALG.pdf,Argentina,19,Nicolas OTAMENDI,5,5,100,0 0 0 0 5 0 0 0 0 1 4 0 5 0 0
PMSR-M19-ARG-V-ALG.pdf,Argentina,26,Nahuel MOLINA,10,3,30,0 0 0 0 6 3 0 1 0 5 1 4 10 0 0
PMSR-M19-ARG-V-ALG.pdf,Algeria,23,Luca ZIDANE,5,5,100,0 0 0 0 4 1 0 0 0 2 1 2 5 0 0
PMSR-M19-ARG-V-ALG.pdf,Algeria,2,Aissa MANDI,25,22,88,1 0 0 1 17 4 0 2 0 6 15 4 25 0 0
PMSR-M19-ARG-V-ALG.pdf,Algeria,9,Amine GOUIRI,2,1,50,0 0 0 0 0 2 0 0 0 1 1 0 1 0 1
PMSR-M19-ARG-V-ALG.pdf,Algeria,10,Fares CHAIBI,14,12,86,0 0 0 0 4 4 2 4 0 6 7 1 11 1 2
PMSR-M19-ARG-V-ALG.pdf,Algeria,11,Anis HADJ MOUSSA,3,2,67,0 0 0 0 0 0 1 1 1 1 1 1 3 0 0
PMSR-M19-ARG-V-ALG.pdf,Algeria,14,Hicham BOUDAOUI,7,6,86,0 0 0 0 2 3 0 2 0 3 2 2 6 0 1
PMSR-M19-ARG-V-ALG.pdf,Algeria,17,Rafik BELGHALI,5,5,100,0 0 0 0 4 1 0 0 0 1 4 0 5 0 0
PMSR-M19-ARG-V-ALG.pdf,Algeria,19,Nabil BENTALEB,11,10,91,0 0 0 0 3 2 1 5 0 5 5 1 11 0 0
PMSR-M19-ARG-V-ALG.pdf,Algeria,21,Ramy BENSEBAINI,23,19,83,0 0 1 1 17 2 1 1 0 6 14 3 23 0 0
PMSR-M19-ARG-V-ALG.pdf,Algeria,22,Ibrahim MAZA,7,5,71,0 0 0 0 1 3 0 3 0 3 2 2 6 0 1
PMSR-M19-ARG-V-ALG.pdf,Algeria,6,Ramiz ZERROUKI,6,5,83,0 0 0 0 1 0 0 5 0 2 3 1 6 0 0
PMSR-M19-ARG-V-ALG.pdf,Algeria,7,Riyad MAHREZ,3,3,100,0 0 0 0 0 0 0 2 1 1 1 1 3 0 0
PMSR-M19-ARG-V-ALG.pdf,Algeria,8,Houssem AOUAR,4,4,100,0 0 0 0 0 2 0 1 1 3 0 1 4 0 0
PMSR-M19-ARG-V-ALG.pdf,Algeria,18,Mohamed AMOURA,0,0,0,0 0 0 0 0 0 0 0 0 0 0 0 0 0 0
PMSR-M19-ARG-V-ALG.pdf,Algeria,20,Adil BOULBINA,1,1,100,0 0 0 0 0 0 0 1 0 0 1 0 1 0 0
PMSR-M23-POR-V-COD.pdf,Portugal,1,DIOGO COSTA,9,5,56,1 0 0 0 5 3 0 0 0 0 4 5 9 0 0
PMSR-M23-POR-V-COD.pdf,Portugal,4,TOMAS ARAUJO,35,32,91,1 0 0 0 18 4 0 12 0 2 29 4 34 0 1
PMSR-M23-POR-V-COD.pdf,Portugal,7,CRISTIANO RONALDO,1,1,100,0 0 0 0 0 0 0 0 1 1 0 0 1 0 0
PMSR-M23-POR-V-COD.pdf,Portugal,8,BRUNO FERNANDES,16,12,75,0 0 0 0 2 3 1 9 1 3 5 8 14 2 0
PMSR-M23-POR-V-COD.pdf,Portugal,10,BERNARDO SILVA,2,2,100,0 0 0 0 0 0 0 2 0 1 1 0 2 0 0
PMSR-M23-POR-V-COD.pdf,Portugal,13,RENATO VEIGA,21,19,90,0 0 0 2 8 1 2 8 0 4 14 3 20 0 1
PMSR-M23-POR-V-COD.pdf,Portugal,15,JOAO NEVES,15,14,93,0 0 0 0 2 4 3 5 1 2 8 5 15 0 0
PMSR-M23-POR-V-COD.pdf,Portugal,18,PEDRO NETO,7,6,86,0 0 0 0 0 0 1 3 3 1 6 0 6 0 1
PMSR-M23-POR-V-COD.pdf,Portugal,20,JOAO CANCELO,17,12,71,0 0 0 1 4 5 0 3 4 1 8 8 15 1 1
PMSR-M23-POR-V-COD.pdf,Portugal,23,VITINHA,31,27,87,0 1 0 0 11 2 1 16 0 5 20 6 30 0 1
PMSR-M23-POR-V-COD.pdf,Portugal,25,NUNO MENDES,15,9,60,0 0 0 1 3 4 1 6 0 2 9 4 14 1 0
PMSR-M23-POR-V-COD.pdf,Portugal,2,NELSON SEMEDO,5,3,60,0 0 0 0 0 1 1 2 1 1 4 0 4 0 1
PMSR-M23-POR-V-COD.pdf,Portugal,9,GONCALO RAMOS,0,0,0,0 0 0 0 0 0 0 0 0 0 0 0 0 0 0
PMSR-M23-POR-V-COD.pdf,Portugal,17,RAFAEL LEAO,3,2,67,0 0 0 0 0 3 0 0 0 1 2 0 2 0 1
PMSR-M23-POR-V-COD.pdf,Portugal,26,FRANCISCO CONCEICAO,4,2,50,0 0 0 0 0 0 1 1 2 0 3 1 2 1 1
PMSR-M23-POR-V-COD.pdf,Congo DR,1,Lionel MPASI,16,3,19,0 1 2 1 4 4 2 2 0 2 0 14 16 0 0
PMSR-M23-POR-V-COD.pdf,Congo DR,3,Steve KAPUADI,5,3,60,0 0 1 0 1 2 0 1 0 0 2 3 5 0 0
PMSR-M23-POR-V-COD.pdf,Congo DR,4,Axel TUANZEBE,2,0,0,0 0 1 0 0 1 0 0 0 0 0 2 2 0 0
PMSR-M23-POR-V-COD.pdf,Congo DR,6,Ngalayel MUKAU,6,6,100,0 0 0 0 0 2 0 3 1 3 2 1 6 0 0
PMSR-M23-POR-V-COD.pdf,Congo DR,8,Samuel MOUTOUSSAMY,8,6,75,0 0 1 0 1 2 1 3 0 2 4 2 7 0 1
PMSR-M23-POR-V-COD.pdf,Congo DR,17,Cedric BAKAMBU,1,0,0,0 0 0 0 0 0 1 0 0 1 0 0 1 0 0
PMSR-M23-POR-V-COD.pdf,Congo DR,20,Yoane WISSA,8,5,62,0 0 0 1 0 2 2 2 1 2 3 3 7 0 1
PMSR-M23-POR-V-COD.pdf,Congo DR,22,Chancel MBEMBA,13,10,77,0 0 0 1 5 3 0 3 1 4 3 6 11 0 2
PMSR-M23-POR-V-COD.pdf,Congo DR,25,Edo KAYEMBE,5,4,80,0 0 0 0 0 3 1 1 0 5 0 0 4 0 1
PMSR-M23-POR-V-COD.pdf,Congo DR,26,Arthur MASUAKU,12,9,75,0 0 1 0 6 3 0 2 0 2 6 4 9 2 1
PMSR-M23-POR-V-COD.pdf,Congo DR,12,Joris KAYEMBE,4,1,25,0 0 0 0 1 0 1 0 2 0 1 3 4 0 0
PMSR-M23-POR-V-COD.pdf,Congo DR,14,Noah SADIKI,3,1,33,0 0 0 0 0 1 1 0 1 0 2 1 2 0 1
PMSR-M23-POR-V-COD.pdf,Congo DR,18,Charles PICKEL,2,1,50,0 0 0 0 0 1 0 1 0 0 1 1 2 0 0
PMSR-M23-POR-V-COD.pdf,Congo DR,23,Simon BANZA,1,0,0,0 0 0 0 0 0 0 1 0 0 1 0 1 0 0
PMSR-M23-POR-V-COD.pdf,Congo DR,24,Gedeon KALULU,2,1,50,0 0 0 0 0 0 1 1 0 0 1 1 2 0 0
PMSR-M24-UZB-V-COL-V2.pdf,Uzbekistan,1,Utkir YUSUPOV,12,3,25,0 0 0 2 4 6 0 0 0 0 1 11 12 0 0
PMSR-M24-UZB-V-COL-V2.pdf,Uzbekistan,2,Abdukodir KHUSANOV,12,8,67,0 1 0 0 7 3 1 0 0 3 3 6 12 0 0
PMSR-M24-UZB-V-COL-V2.pdf,Uzbekistan,5,Rustam ASHURMATOV,13,9,69,0 0 0 0 5 4 2 2 0 2 4 7 13 0 0
PMSR-M24-UZB-V-COL-V2.pdf,Uzbekistan,6,Akmal MOZGOVOY,8,4,50,0 0 0 1 1 1 2 3 0 2 1 5 8 0 0
PMSR-M24-UZB-V-COL-V2.pdf,Uzbekistan,7,Otabek SHUKUROV,21,17,81,0 0 0 0 7 5 0 8 1 8 7 6 19 0 2
PMSR-M24-UZB-V-COL-V2.pdf,Uzbekistan,11,Oston URUNOV,0,0,0,0 0 0 0 0 0 0 0 0 0 0 0 0 0 0
PMSR-M24-UZB-V-COL-V2.pdf,Uzbekistan,13,Sherzod NASRULLAEV,2,1,50,0 0 0 0 0 2 0 0 0 0 1 1 2 0 0
PMSR-M24-UZB-V-COL-V2.pdf,Uzbekistan,14,Eldor SHOMURODOV,2,1,50,0 0 0 0 0 0 1 1 0 1 1 0 2 0 0
PMSR-M24-UZB-V-COL-V2.pdf,Uzbekistan,18,Abdulla ABDULLAEV,8,8,100,0 0 0 0 3 3 0 2 0 6 1 1 8 0 0
PMSR-M24-UZB-V-COL-V2.pdf,Uzbekistan,22,Abbosbek FAYZULLAEV,5,3,60,0 0 0 0 1 3 0 1 0 2 0 3 5 0 0
PMSR-M24-UZB-V-COL-V2.pdf,Uzbekistan,24,Behruzjon KARIMOV,9,5,56,0 0 0 0 3 3 2 0 1 2 3 4 8 1 0
PMSR-M24-UZB-V-COL-V2.pdf,Uzbekistan,4,Farrukh SAYFIEV,3,3,100,0 0 0 0 1 0 2 0 0 1 1 1 3 0 0
PMSR-M24-UZB-V-COL-V2.pdf,Uzbekistan,17,Dostonbek KHAMDAMOV,2,1,50,0 0 0 1 0 1 0 0 0 2 0 0 2 0 0
PMSR-M24-UZB-V-COL-V2.pdf,Uzbekistan,20,Azizbek AMONOV,2,1,50,0 0 0 0 0 1 0 1 0 1 0 1 2 0 0
PMSR-M24-UZB-V-COL-V2.pdf,Uzbekistan,21,Igor SERGEEV,0,0,0,0 0 0 0 0 0 0 0 0 0 0 0 0 0 0
PMSR-M24-UZB-V-COL-V2.pdf,Uzbekistan,26,Jakhongir UROZOV,9,6,67,0 0 0 0 2 2 0 4 1 1 4 4 8 0 1
PMSR-M24-UZB-V-COL-V2.pdf,Colombia,12,Camilo VARGAS,14,3,21,0 0 0 0 1 7 4 2 0 1 0 13 14 0 0
PMSR-M24-UZB-V-COL-V2.pdf,Colombia,2,Daniel MUNOZ,7,4,57,0 1 0 0 3 0 1 1 1 2 2 3 7 0 0
PMSR-M24-UZB-V-COL-V2.pdf,Colombia,3,Jhon LUCUMI,9,5,56,0 0 0 1 2 2 1 3 0 2 2 5 9 0 0
PMSR-M24-UZB-V-COL-V2.pdf,Colombia,7,Luis DIAZ,9,7,78,0 0 0 0 0 2 0 6 1 3 3 3 6 0 3
PMSR-M24-UZB-V-COL-V2.pdf,Colombia,10,James RODRIGUEZ,17,12,71,0 0 0 0 3 2 0 9 3 7 5 5 15 2 0
PMSR-M24-UZB-V-COL-V2.pdf,Colombia,11,Jhon ARIAS,11,10,91,0 0 0 0 0 1 2 7 1 3 8 0 9 0 2
PMSR-M24-UZB-V-COL-V2.pdf,Colombia,14,Gustavo PUERTA,6,4,67,0 0 0 0 1 0 0 4 1 4 0 2 6 0 0
PMSR-M24-UZB-V-COL-V2.pdf,Colombia,16,Jefferson LERMA,10,7,70,0 0 0 0 1 1 1 7 0 7 1 2 10 0 0
PMSR-M24-UZB-V-COL-V2.pdf,Colombia,17,Johan MOJICA,7,6,86,0 0 0 0 1 2 1 3 0 0 4 3 7 0 0
PMSR-M24-UZB-V-COL-V2.pdf,Colombia,23,Davinson SANCHEZ,15,11,73,0 0 1 0 4 2 2 6 0 3 6 6 15 0 0
PMSR-M24-UZB-V-COL-V2.pdf,Colombia,25,Luis SUAREZ,2,1,50,0 0 0 0 0 0 0 2 0 2 0 0 2 0 0
PMSR-M24-UZB-V-COL-V2.pdf,Colombia,5,Kevin CASTANO,0,0,0,0 0 0 0 0 0 0 0 0 0 0 0 0 0 0
PMSR-M24-UZB-V-COL-V2.pdf,Colombia,6,Richard RIOS,2,2,100,0 0 0 0 1 1 0 0 0 1 1 0 2 0 0
PMSR-M24-UZB-V-COL-V2.pdf,Colombia,19,Cucho HERNANDEZ,0,0,0,0 0 0 0 0 0 0 0 0 0 0 0 0 0 0
PMSR-M24-UZB-V-COL-V2.pdf,Colombia,21,Jaminton CAMPAZ,1,0,0,0 0 0 0 0 0 1 0 0 0 0 1 0 1 0
PMSR-M24-UZB-V-COL-V2.pdf,Colombia,26,Andres GOMEZ,0,0,0,0 0 0 0 0 0 0 0 0 0 0 0 0 0 0
PMSR-M30-SCO-V-MAR.pdf,Scotland,1,Angus GUNN,7,3,43,0 1 0 0 2 4 0 0 0 0 1 6 7 0 0
PMSR-M30-SCO-V-MAR.pdf,Scotland,3,Andy ROBERTSON,19,13,68,0 1 0 2 7 5 1 2 1 4 6 9 17 1 1
PMSR-M30-SCO-V-MAR.pdf,Scotland,4,Scott McTOMINAY,8,7,88,0 0 0 0 2 3 0 3 0 3 3 2 8 0 0
PMSR-M30-SCO-V-MAR.pdf,Scotland,5,Grant HANLEY,14,12,86,0 1 0 0 6 3 3 1 0 2 5 7 14 0 0
PMSR-M30-SCO-V-MAR.pdf,Scotland,6,Kieran TIERNEY,5,3,60,0 0 0 0 0 3 0 2 0 2 1 2 5 0 0
PMSR-M30-SCO-V-MAR.pdf,Scotland,7,John McGINN,7,4,57,0 0 0 1 1 3 0 0 2 3 3 1 3 0 4
PMSR-M30-SCO-V-MAR.pdf,Scotland,10,Che ADAMS,1,1,100,0 0 0 0 0 0 0 1 0 0 1 0 1 0 0
PMSR-M30-SCO-V-MAR.pdf,Scotland,11,Ryan CHRISTIE,4,4,100,0 0 0 0 2 1 0 1 0 2 2 0 4 0 0
PMSR-M30-SCO-V-MAR.pdf,Scotland,13,Jack HENDRY,14,12,86,0 0 0 0 8 3 1 2 0 4 9 1 13 0 1
PMSR-M30-SCO-V-MAR.pdf,Scotland,19,Lewis FERGUSON,20,15,75,0 0 0 0 9 0 1 9 1 3 12 5 18 1 1
PMSR-M30-SCO-V-MAR.pdf,Scotland,22,Nathan PATTERSON,7,5,71,0 0 0 0 2 3 0 2 0 0 0 7 7 0 0
PMSR-M30-SCO-V-MAR.pdf,Scotland,9,Lyndon DYKES,2,1,50,0 0 0 0 0 0 1 0 1 0 1 1 0 1 1
PMSR-M30-SCO-V-MAR.pdf,Scotland,14,Ross STEWART,0,0,0,0 0 0 0 0 0 0 0 0 0 0 0 0 0 0
PMSR-M30-SCO-V-MAR.pdf,Scotland,23,Kenny McLEAN,5,5,100,0 0 0 0 0 0 0 5 0 4 1 0 5 0 0
PMSR-M30-SCO-V-MAR.pdf,Scotland,24,Anthony RALSTON,2,2,100,0 0 0 0 0 2 0 0 0 0 0 2 2 0 0
PMSR-M30-SCO-V-MAR.pdf,Morocco,1,Yassine BOUNOU,11,3,27,0 0 0 0 3 4 2 2 0 1 0 10 11 0 0
PMSR-M30-SCO-V-MAR.pdf,Morocco,2,Achraf HAKIMI,20,14,70,0 1 0 0 5 6 0 7 1 6 9 5 17 2 1
PMSR-M30-SCO-V-MAR.pdf,Morocco,3,Noussair MAZRAOUI,12,10,83,0 0 0 0 6 1 1 3 1 4 6 2 12 0 0
PMSR-M30-SCO-V-MAR.pdf,Morocco,6,Ayyoub BOUADDI,7,5,71,0 0 0 0 0 3 0 4 0 4 1 2 7 0 0
PMSR-M30-SCO-V-MAR.pdf,Morocco,8,Azzedine OUNAHI,20,16,80,0 0 0 0 6 3 2 7 2 8 11 1 18 0 2
PMSR-M30-SCO-V-MAR.pdf,Morocco,10,Brahim DIAZ,10,6,60,0 0 0 0 0 0 1 8 1 4 2 4 7 1 2
PMSR-M30-SCO-V-MAR.pdf,Morocco,11,Ismael SAIBARI,3,2,67,0 0 0 0 0 0 2 0 1 2 1 0 2 0 1
PMSR-M30-SCO-V-MAR.pdf,Morocco,14,Issa DIOP,20,12,60,0 0 0 1 11 4 0 4 0 5 10 5 20 0 0
PMSR-M30-SCO-V-MAR.pdf,Morocco,18,Chadi RIAD,2,0,0,0 0 0 0 0 2 0 0 0 0 0 2 2 0 0
PMSR-M30-SCO-V-MAR.pdf,Morocco,23,Bilal EL KHANNOUSS,6,4,67,0 0 0 0 0 3 1 1 1 4 1 1 6 0 0
PMSR-M30-SCO-V-MAR.pdf,Morocco,24,Neil EL AYNAOUI,15,10,67,0 0 0 0 4 3 1 7 0 4 5 6 14 0 1
PMSR-M30-SCO-V-MAR.pdf,Morocco,7,Chemsdine TALBI,0,0,0,0 0 0 0 0 0 0 0 0 0 0 0 0 0 0
PMSR-M30-SCO-V-MAR.pdf,Morocco,9,Soufiane RAHIMI,1,0,0,0 0 0 0 0 1 0 0 0 1 0 0 1 0 0
PMSR-M30-SCO-V-MAR.pdf,Morocco,15,Samir EL MOURABET,1,1,100,0 0 1 0 0 0 0 0 0 0 1 0 1 0 0
PMSR-M30-SCO-V-MAR.pdf,Morocco,21,Ayoube AMAIMOUNI,0,0,0,0 0 0 0 0 0 0 0 0 0 0 0 0 0 0
PMSR-M37-URU-V-CPV.pdf,Uruguay,23,Fernando MUSLERA,7,2,29,0 1 0 0 3 2 0 1 0 1 0 6 7 0 0
PMSR-M37-URU-V-CPV.pdf,Uruguay,3,Sebastian CACERES,12,6,50,0 0 0 1 4 4 0 2 1 1 0 11 12 0 0
PMSR-M37-URU-V-CPV.pdf,Uruguay,5,Manuel UGARTE,16,13,81,0 0 0 0 0 1 0 14 1 5 6 5 16 0 0
PMSR-M37-URU-V-CPV.pdf,Uruguay,6,Rodrigo BENTANCUR,15,12,80,0 1 0 0 3 7 0 4 0 7 5 3 14 0 1
PMSR-M37-URU-V-CPV.pdf,Uruguay,8,Federico VALVERDE,23,17,74,0 0 0 0 3 5 1 9 5 4 12 7 23 0 0
PMSR-M37-URU-V-CPV.pdf,Uruguay,13,Guillermo VARELA,10,7,70,0 1 0 0 2 1 0 3 3 1 5 4 9 1 0
PMSR-M37-URU-V-CPV.pdf,Uruguay,14,Agustin CANOBBIO,11,10,91,0 0 0 0 0 4 0 5 2 1 8 2 8 1 2
PMSR-M37-URU-V-CPV.pdf,Uruguay,16,Mathias OLIVERA,14,10,71,0 0 0 0 6 0 0 7 1 2 10 2 12 0 2
PMSR-M37-URU-V-CPV.pdf,Uruguay,20,Maxi ARAUJO,4,2,50,0 0 0 0 0 2 0 0 2 1 1 2 4 0 0
PMSR-M37-URU-V-CPV.pdf,Uruguay,21,Federico VINAS,2,0,0,0 0 0 0 0 0 0 1 1 0 0 2 2 0 0
PMSR-M37-URU-V-CPV.pdf,Uruguay,25,Juan Manuel SANABRIA,11,6,55,0 1 1 1 0 0 1 6 1 0 3 8 11 0 0
PMSR-M37-URU-V-CPV.pdf,Uruguay,7,Nicolas DE LA CRUZ,5,3,60,0 0 0 0 0 0 2 2 1 1 1 3 5 0 0
PMSR-M37-URU-V-CPV.pdf,Uruguay,9,Darwin NUNEZ,3,3,100,0 0 0 0 0 1 1 0 1 0 2 1 2 0 1
PMSR-M37-URU-V-CPV.pdf,Uruguay,18,Brian RODRIGUEZ,3,1,33,0 0 0 0 0 1 0 0 2 0 3 0 1 0 2
PMSR-M37-URU-V-CPV.pdf,Cabo Verde,1,VOZINHA,16,3,19,0 0 0 0 7 7 0 2 0 2 0 14 16 0 0
PMSR-M37-URU-V-CPV.pdf,Cabo Verde,3,DINEY BORGES,21,13,62,0 2 0 1 8 9 0 1 0 9 3 9 20 0 1
PMSR-M37-URU-V-CPV.pdf,Cabo Verde,4,PICO LOPES,16,12,75,0 1 0 0 9 5 1 0 0 8 4 4 15 0 1
PMSR-M37-URU-V-CPV.pdf,Cabo Verde,6,KEVIN PINA,4,2,50,0 0 0 0 2 1 0 1 0 1 3 0 4 0 0
PMSR-M37-URU-V-CPV.pdf,Cabo Verde,9,GILSON BENCHIMOL,3,0,0,0 0 0 0 0 1 2 0 0 2 0 1 1 0 2
PMSR-M37-URU-V-CPV.pdf,Cabo Verde,10,JAMIRO MONTEIRO,5,4,80,0 0 0 0 2 2 1 0 0 2 1 2 4 0 1
PMSR-M37-URU-V-CPV.pdf,Cabo Verde,11,GARRY RODRIGUES,1,0,0,0 0 0 0 0 1 0 0 0 1 0 0 1 0 0
PMSR-M37-URU-V-CPV.pdf,Cabo Verde,13,SIDNY LOPES CABRAL,12,6,50,0 0 0 1 5 5 0 1 0 0 3 9 9 1 2
PMSR-M37-URU-V-CPV.pdf,Cabo Verde,18,TELMO ARCANJO,1,1,100,0 0 0 0 0 1 0 0 0 1 0 0 1 0 0
PMSR-M37-URU-V-CPV.pdf,Cabo Verde,20,RYAN MENDES,3,2,67,0 0 0 0 1 2 0 0 0 1 1 1 2 0 1
PMSR-M37-URU-V-CPV.pdf,Cabo Verde,22,STEVEN MOREIRA,16,8,50,1 0 0 0 5 4 2 4 0 0 9 7 16 0 0
PMSR-M37-URU-V-CPV.pdf,Cabo Verde,14,DEROY DUARTE,1,1,100,0 0 0 0 0 0 0 1 0 0 1 0 1 0 0
PMSR-M37-URU-V-CPV.pdf,Cabo Verde,15,LAROS DUARTE,3,3,100,0 0 0 0 0 2 0 0 1 3 0 0 3 0 0
PMSR-M37-URU-V-CPV.pdf,Cabo Verde,16,YANNICK SEMEDO,7,5,71,0 0 1 0 0 5 0 1 0 1 3 3 7 0 0
PMSR-M37-URU-V-CPV.pdf,Cabo Verde,21,NUNO DA COSTA,3,2,67,0 0 0 0 0 1 1 1 0 2 1 0 2 0 1
PMSR-M37-URU-V-CPV.pdf,Cabo Verde,26,HELIO VARELA,0,0,0,0 0 0 0 0 0 0 0 0 0 0 0 0 0 0
PMSR-M43-ARG-V-AUT.pdf,Argentina,23,Emiliano MARTINEZ,9,3,33,1 0 0 0 1 5 1 1 0 0 1 8 9 0 0
PMSR-M43-ARG-V-AUT.pdf,Argentina,6,Lisandro MARTINEZ,18,15,83,0 0 0 1 10 4 1 2 0 2 10 6 18 0 0
PMSR-M43-ARG-V-AUT.pdf,Argentina,7,Rodrigo DE PAUL,8,7,88,0 0 1 0 2 3 0 1 1 6 2 0 8 0 0
PMSR-M43-ARG-V-AUT.pdf,Argentina,10,Lionel MESSI,12,7,58,0 0 0 0 0 2 2 8 0 8 1 3 12 0 0
PMSR-M43-ARG-V-AUT.pdf,Argentina,13,Cristian ROMERO,6,6,100,0 0 0 0 2 1 0 3 0 1 4 1 6 0 0
PMSR-M43-ARG-V-AUT.pdf,Argentina,16,Thiago ALMADA,5,5,100,0 0 0 0 0 1 0 4 0 3 2 0 5 0 0
PMSR-M43-ARG-V-AUT.pdf,Argentina,20,Alexis MAC ALLISTER,9,8,89,0 0 0 0 2 3 0 4 0 4 4 1 9 0 0
PMSR-M43-ARG-V-AUT.pdf,Argentina,22,Lautaro MARTINEZ,0,0,0,0 0 0 0 0 0 0 0 0 0 0 0 0 0 0
PMSR-M43-ARG-V-AUT.pdf,Argentina,24,Enzo FERNANDEZ,18,17,94,0 0 0 0 10 1 1 5 1 4 13 1 18 0 0
PMSR-M43-ARG-V-AUT.pdf,Argentina,25,Facundo MEDINA,11,9,82,0 0 0 0 8 1 0 1 1 0 6 5 11 0 0
PMSR-M43-ARG-V-AUT.pdf,Argentina,26,Nahuel MOLINA,7,4,57,0 0 0 0 3 1 1 1 1 2 3 2 7 0 0
PMSR-M43-ARG-V-AUT.pdf,Argentina,3,Nicolas TAGLIAFICO,1,1,100,0 0 0 0 0 0 0 0 1 0 1 0 1 0 0
PMSR-M43-ARG-V-AUT.pdf,Argentina,5,Leandro PAREDES,0,0,0,0 0 0 0 0 0 0 0 0 0 0 0 0 0 0
PMSR-M43-ARG-V-AUT.pdf,Argentina,9,Julian ALVAREZ,0,0,0,0 0 0 0 0 0 0 0 0 0 0 0 0 0 0
PMSR-M43-ARG-V-AUT.pdf,Argentina,15,Nico GONZALEZ,2,1,50,0 0 0 0 0 1 1 0 0 0 1 1 2 0 0
PMSR-M43-ARG-V-AUT.pdf,Argentina,19,Nicolas OTAMENDI,4,4,100,0 0 0 0 3 0 0 1 0 0 4 0 4 0 0
PMSR-M43-ARG-V-AUT.pdf,Austria,1,Alexander SCHLAGER,5,3,60,0 1 0 0 2 2 0 0 0 2 0 3 5 0 0
PMSR-M43-ARG-V-AUT.pdf,Austria,3,Kevin DANSO,21,16,76,0 0 0 0 15 2 0 3 1 3 13 5 21 0 0
PMSR-M43-ARG-V-AUT.pdf,Austria,4,Xaver SCHLAGER,5,5,100,0 0 0 0 1 1 0 2 1 2 3 0 3 0 2
PMSR-M43-ARG-V-AUT.pdf,Austria,5,Stefan POSCH,6,3,50,0 0 0 1 0 2 1 2 0 2 1 3 6 0 0
PMSR-M43-ARG-V-AUT.pdf,Austria,6,Nicolas SEIWALD,9,8,89,0 0 0 0 6 1 0 2 0 4 4 1 9 0 0
PMSR-M43-ARG-V-AUT.pdf,Austria,8,David ALABA,13,11,85,0 0 0 0 7 2 0 3 1 4 7 2 13 0 0
PMSR-M43-ARG-V-AUT.pdf,Austria,9,Marcel SABITZER,18,10,56,0 0 0 1 0 4 3 8 2 1 6 11 15 2 1
PMSR-M43-ARG-V-AUT.pdf,Austria,11,Michael GREGORITSCH,4,2,50,0 0 0 1 0 1 0 1 1 2 1 1 4 0 0
PMSR-M43-ARG-V-AUT.pdf,Austria,18,Romano SCHMID,7,5,71,0 0 0 0 1 4 0 1 1 5 1 1 7 0 0
PMSR-M43-ARG-V-AUT.pdf,Austria,20,Konrad LAIMER,12,10,83,0 0 0 0 1 4 2 4 1 0 9 3 11 0 1
PMSR-M43-ARG-V-AUT.pdf,Austria,24,Paul WANNER,6,4,67,0 0 0 0 0 2 3 1 0 4 0 2 6 0 0
PMSR-M43-ARG-V-AUT.pdf,Austria,7,Marko ARNAUTOVIC,0,0,0,0 0 0 0 0 0 0 0 0 0 0 0 0 0 0
PMSR-M43-ARG-V-AUT.pdf,Austria,17,Carney CHUKWUEMEKA,3,2,67,0 0 0 0 0 2 0 1 0 1 2 0 2 0 1
PMSR-M43-ARG-V-AUT.pdf,Austria,21,Patrick WIMMER,1,1,100,0 0 0 0 0 0 1 0 0 0 1 0 1 0 0
PMSR-M43-ARG-V-AUT.pdf,Austria,22,Alexander PRASS,5,3,60,0 0 0 0 0 2 3 0 0 0 2 3 3 2 0
PMSR-M43-ARG-V-AUT.pdf,Austria,23,Marco FRIEDL,9,8,89,1 0 0 0 3 3 0 2 0 1 7 1 9 0 0
PMSR-M49-SCO-V-BRA.pdf,Scotland,1,Angus GUNN,21,10,48,1 1 1 0 5 10 0 3 0 1 1 19 21 0 0
PMSR-M49-SCO-V-BRA.pdf,Scotland,3,Andy ROBERTSON,8,4,50,0 1 0 0 3 3 0 1 0 1 4 3 6 2 0
PMSR-M49-SCO-V-BRA.pdf,Scotland,4,Scott McTOMINAY,6,4,67,0 0 0 0 1 1 0 4 0 3 2 1 6 0 0
PMSR-M49-SCO-V-BRA.pdf,Scotland,7,John McGINN,8,7,88,0 0 0 0 0 3 3 2 0 0 5 3 6 2 0
PMSR-M49-SCO-V-BRA.pdf,Scotland,13,Jack HENDRY,10,8,80,0 0 0 0 8 0 0 2 0 1 7 2 9 0 1
PMSR-M49-SCO-V-BRA.pdf,Scotland,19,Lewis FERGUSON,26,23,88,0 0 0 0 10 4 0 12 0 7 15 4 26 0 0
PMSR-M49-SCO-V-BRA.pdf,Scotland,20,Lawrence SHANKLAND,3,0,0,0 0 0 0 0 2 0 1 0 2 0 1 3 0 0
PMSR-M49-SCO-V-BRA.pdf,Scotland,22,Nathan PATTERSON,19,14,74,0 0 0 1 12 2 2 2 0 5 10 4 18 1 0
PMSR-M49-SCO-V-BRA.pdf,Scotland,23,Kenny McLEAN,14,13,93,0 0 0 0 3 5 2 4 0 5 8 1 12 0 2
PMSR-M49-SCO-V-BRA.pdf,Scotland,26,Scott McKENNA,9,8,89,0 0 1 0 5 0 1 2 0 2 4 3 9 0 0
PMSR-M49-SCO-V-BRA.pdf,Scotland,6,Kieran TIERNEY,7,4,57,0 0 0 0 1 3 0 2 1 0 3 4 7 0 0
PMSR-M49-SCO-V-BRA.pdf,Scotland,10,Che ADAMS,0,0,0,0 0 0 0 0 0 0 0 0 0 0 0 0 0 0
PMSR-M49-SCO-V-BRA.pdf,Scotland,11,Ryan CHRISTIE,1,1,100,0 0 0 0 0 0 1 0 0 0 0 1 0 1 0
PMSR-M49-SCO-V-BRA.pdf,Scotland,24,Anthony RALSTON,1,1,100,0 0 0 0 0 0 0 0 1 0 1 0 0 0 1
PMSR-M49-SCO-V-BRA.pdf,Scotland,25,Findlay CURTIS,0,0,0,0 0 0 0 0 0 0 0 0 0 0 0 0 0 0
PMSR-M49-SCO-V-BRA.pdf,Brazil,1,ALISSON,5,3,60,1 0 0 0 0 2 0 2 0 1 0 4 5 0 0
PMSR-M49-SCO-V-BRA.pdf,Brazil,3,GABRIEL MAGALHAES,24,21,88,1 0 1 0 10 3 0 9 0 3 20 1 24 0 0
PMSR-M49-SCO-V-BRA.pdf,Brazil,4,MARQUINHOS,11,8,73,0 0 1 0 3 2 1 3 1 1 4 6 11 0 0
PMSR-M49-SCO-V-BRA.pdf,Brazil,5,CASEMIRO,7,6,86,0 0 0 0 2 0 0 3 2 3 1 3 7 0 0
PMSR-M49-SCO-V-BRA.pdf,Brazil,7,VINICIUS JUNIOR,6,4,67,0 0 0 0 0 1 0 4 1 3 2 1 5 0 1
PMSR-M49-SCO-V-BRA.pdf,Brazil,8,BRUNO GUIMARAES,15,9,60,1 1 0 0 1 2 3 4 3 11 2 2 12 2 1
PMSR-M49-SCO-V-BRA.pdf,Brazil,9,MATHEUS CUNHA,8,5,62,0 0 0 0 0 6 1 1 0 2 5 1 6 0 2
PMSR-M49-SCO-V-BRA.pdf,Brazil,13,DANILO,19,15,79,1 0 0 0 8 0 0 8 2 6 10 3 17 2 0
PMSR-M49-SCO-V-BRA.pdf,Brazil,16,DOUGLAS SANTOS,7,6,86,0 0 0 0 3 1 0 3 0 1 3 3 7 0 0
PMSR-M49-SCO-V-BRA.pdf,Brazil,20,LUCAS PAQUETA,19,14,74,0 0 0 0 3 4 1 10 1 6 8 5 17 1 1
PMSR-M49-SCO-V-BRA.pdf,Brazil,26,RAYAN,1,1,100,0 0 0 0 0 0 0 0 1 0 1 0 1 0 0
PMSR-M49-SCO-V-BRA.pdf,Brazil,6,ALEX SANDRO,3,3,100,0 0 0 0 3 0 0 0 0 0 3 0 3 0 0
PMSR-M49-SCO-V-BRA.pdf,Brazil,10,NEYMAR JR,6,5,83,0 0 0 0 0 0 0 5 1 1 3 2 4 1 1
PMSR-M49-SCO-V-BRA.pdf,Brazil,17,FABINHO,3,3,100,0 0 0 0 1 0 0 2 0 1 1 1 3 0 0
PMSR-M49-SCO-V-BRA.pdf,Brazil,19,ENDRICK,2,2,100,0 0 0 0 2 0 0 0 0 0 2 0 2 0 0
PMSR-M49-SCO-V-BRA.pdf,Brazil,22,GABRIEL MARTINELLI,3,3,100,0 0 0 0 1 2 0 0 0 3 0 0 3 0 0
PMSR-M50-MAR-V-HAI-V2.pdf,Morocco,1,Yassine BOUNOU,6,2,33,0 0 0 0 1 3 0 2 0 1 0 5 6 0 0
PMSR-M50-MAR-V-HAI-V2.pdf,Morocco,2,Achraf HAKIMI,17,14,82,0 0 0 0 10 1 1 4 1 4 10 3 14 1 2
PMSR-M50-MAR-V-HAI-V2.pdf,Morocco,4,Sofyan AMRABAT,13,12,92,0 0 1 0 3 5 2 2 0 2 6 5 13 0 0
PMSR-M50-MAR-V-HAI-V2.pdf,Morocco,10,Brahim DIAZ,11,8,73,0 0 0 0 1 6 0 2 2 4 4 3 8 0 3
PMSR-M50-MAR-V-HAI-V2.pdf,Morocco,11,Ismael SAIBARI,3,3,100,0 0 0 0 0 2 1 0 0 1 2 0 3 0 0
PMSR-M50-MAR-V-HAI-V2.pdf,Morocco,18,Chadi RIAD,13,13,100,0 0 0 0 10 3 0 0 0 5 6 2 13 0 0
PMSR-M50-MAR-V-HAI-V2.pdf,Morocco,20,Ayoub EL KAABI,0,0,0,0 0 0 0 0 0 0 0 0 0 0 0 0 0 0
PMSR-M50-MAR-V-HAI-V2.pdf,Morocco,23,Bilal EL KHANNOUSS,33,25,76,0 0 1 1 2 7 7 9 6 10 14 9 27 2 4
PMSR-M50-MAR-V-HAI-V2.pdf,Morocco,24,Neil EL AYNAOUI,15,12,80,0 0 0 0 4 4 0 6 1 5 9 1 15 0 0
PMSR-M50-MAR-V-HAI-V2.pdf,Morocco,25,Redouane HALHAL,16,14,88,0 0 0 0 13 2 0 1 0 1 13 2 16 0 0
PMSR-M50-MAR-V-HAI-V2.pdf,Morocco,26,Anass SALAH EDDINE,15,14,93,0 0 0 0 9 2 0 3 1 1 12 2 15 0 0
PMSR-M50-MAR-V-HAI-V2.pdf,Morocco,3,Noussair MAZRAOUI,2,2,100,0 0 0 0 0 0 0 2 0 0 1 1 2 0 0
PMSR-M50-MAR-V-HAI-V2.pdf,Morocco,8,Azzedine OUNAHI,2,2,100,0 0 0 0 0 1 1 0 0 1 0 1 2 0 0
PMSR-M50-MAR-V-HAI-V2.pdf,Morocco,9,Soufiane RAHIMI,2,1,50,0 0 0 0 0 1 1 0 0 2 0 0 2 0 0
PMSR-M50-MAR-V-HAI-V2.pdf,Morocco,15,Samir EL MOURABET,0,0,0,0 0 0 0 0 0 0 0 0 0 0 0 0 0 0
PMSR-M50-MAR-V-HAI-V2.pdf,Morocco,16,Gessime YASSINE,3,2,67,0 0 0 0 0 2 1 0 0 1 1 1 3 0 0
PMSR-M50-MAR-V-HAI-V2.pdf,Haiti,1,Johny PLACIDE,20,6,30,0 0 0 1 4 11 0 4 0 0 1 19 20 0 0
PMSR-M50-MAR-V-HAI-V2.pdf,Haiti,4,Ricardo ADE,14,10,71,0 0 0 0 4 8 1 1 0 3 4 7 14 0 0
PMSR-M50-MAR-V-HAI-V2.pdf,Haiti,5,Hannes DELCROIX,7,5,71,0 1 0 0 3 3 0 0 0 4 3 0 7 0 0
PMSR-M50-MAR-V-HAI-V2.pdf,Haiti,8,Martin EXPERIENCE,8,5,62,0 0 0 0 4 1 1 2 0 2 4 2 6 0 2
PMSR-M50-MAR-V-HAI-V2.pdf,Haiti,10,Jean-Ricner BELLEGARDE,8,7,88,0 0 0 0 2 4 2 0 0 5 0 3 6 0 2
PMSR-M50-MAR-V-HAI-V2.pdf,Haiti,15,Ruben PROVIDENCE,2,2,100,0 0 0 0 0 0 0 1 1 1 1 0 1 0 1
PMSR-M50-MAR-V-HAI-V2.pdf,Haiti,16,Lenny JOSEPH,2,0,0,0 0 0 0 0 1 0 0 1 2 0 0 2 0 0
PMSR-M50-MAR-V-HAI-V2.pdf,Haiti,17,Danley JEAN JACQUES,1,1,100,0 0 0 0 0 1 0 0 0 0 0 1 1 0 0
PMSR-M50-MAR-V-HAI-V2.pdf,Haiti,18,Wilson ISIDOR,2,2,100,0 0 0 0 0 2 0 0 0 1 0 1 2 0 0
PMSR-M50-MAR-V-HAI-V2.pdf,Haiti,21,Josue CASIMIR,5,3,60,0 0 0 0 0 2 1 2 0 1 2 2 4 0 1
PMSR-M50-MAR-V-HAI-V2.pdf,Haiti,22,Jean-Kevin DUVERNE,9,6,67,1 0 0 0 2 1 1 4 0 1 2 6 7 0 2
PMSR-M50-MAR-V-HAI-V2.pdf,Haiti,2,Carlens ARCUS,2,1,50,0 0 0 0 1 1 0 0 0 0 1 1 2 0 0
PMSR-M50-MAR-V-HAI-V2.pdf,Haiti,9,Duckens NAZON,1,0,0,0 0 0 0 0 1 0 0 0 1 0 0 1 0 0
PMSR-M50-MAR-V-HAI-V2.pdf,Haiti,11,Louicius DEEDSON,1,0,0,0 0 0 0 0 0 1 0 0 1 0 0 1 0 0
PMSR-M50-MAR-V-HAI-V2.pdf,Haiti,20,Frantzdy PIERROT,0,0,0,0 0 0 0 0 0 0 0 0 0 0 0 0 0 0
PMSR-M50-MAR-V-HAI-V2.pdf,Haiti,25,Dominique SIMON,2,1,50,0 0 0 0 1 0 0 1 0 0 1 1 2 0 0
PMSR-M56-ECU-V-GER.pdf,Ecuador,1,Hernan GALINDEZ,15,8,53,0 0 0 0 1 11 1 2 0 1 0 14 15 0 0
PMSR-M56-ECU-V-GER.pdf,Ecuador,3,Piero HINCAPIE,8,2,25,0 0 0 0 1 2 0 4 1 1 3 4 5 2 1
PMSR-M56-ECU-V-GER.pdf,Ecuador,4,Joel ORDONEZ,9,7,78,0 0 0 1 3 1 1 3 0 2 3 4 9 0 0
PMSR-M56-ECU-V-GER.pdf,Ecuador,6,Willian PACHO,8,4,50,1 0 0 0 1 3 1 2 0 1 2 5 8 0 0
PMSR-M56-ECU-V-GER.pdf,Ecuador,9,John YEBOAH,7,4,57,0 0 0 0 0 1 2 1 3 3 3 1 5 1 1
PMSR-M56-ECU-V-GER.pdf,Ecuador,13,Enner VALENCIA,2,1,50,0 0 0 0 0 1 0 0 1 1 1 0 1 0 1
PMSR-M56-ECU-V-GER.pdf,Ecuador,15,Pedro VITE,21,17,81,0 0 0 0 4 8 3 5 1 5 6 10 20 0 1
PMSR-M56-ECU-V-GER.pdf,Ecuador,19,Gonzalo PLATA,6,0,0,0 0 0 0 0 1 0 5 0 2 2 2 3 2 1
PMSR-M56-ECU-V-GER.pdf,Ecuador,20,Nilson ANGULO,6,4,67,0 0 0 0 0 1 1 2 2 2 3 1 5 0 1
PMSR-M56-ECU-V-GER.pdf,Ecuador,21,Alan FRANCO,3,2,67,0 0 0 0 1 1 0 1 0 0 1 2 3 0 0
PMSR-M56-ECU-V-GER.pdf,Ecuador,23,Moises CAICEDO,13,9,69,0 1 0 0 3 5 2 1 1 5 2 6 10 1 2
PMSR-M56-ECU-V-GER.pdf,Ecuador,2,Felix TORRES,0,0,0,0 0 0 0 0 0 0 0 0 0 0 0 0 0 0
PMSR-M56-ECU-V-GER.pdf,Ecuador,7,Pervis ESTUPINAN,3,1,33,0 0 1 0 0 1 1 0 0 0 1 2 3 0 0
PMSR-M56-ECU-V-GER.pdf,Ecuador,11,Kevin RODRIGUEZ,1,1,100,0 0 0 0 0 1 0 0 0 1 0 0 1 0 0
PMSR-M56-ECU-V-GER.pdf,Ecuador,16,Jordy CAICEDO,0,0,0,0 0 0 0 0 0 0 0 0 0 0 0 0 0 0
PMSR-M56-ECU-V-GER.pdf,Ecuador,17,Angelo PRECIADO,2,1,50,0 0 0 0 0 0 1 1 0 0 2 0 2 0 0
PMSR-M56-ECU-V-GER.pdf,Germany,1,Manuel NEUER,14,7,50,0 2 1 0 3 4 1 3 0 0 1 13 14 0 0
PMSR-M56-ECU-V-GER.pdf,Germany,2,Antonio RUEDIGER,6,5,83,1 0 0 0 3 0 1 1 0 0 5 1 5 0 1
PMSR-M56-ECU-V-GER.pdf,Germany,4,Jonathan TAH,14,13,93,0 0 0 0 10 1 1 2 0 6 5 3 14 0 0
PMSR-M56-ECU-V-GER.pdf,Germany,5,Aleksandar PAVLOVIC,8,8,100,0 0 0 0 3 2 0 3 0 2 5 1 7 0 1
PMSR-M56-ECU-V-GER.pdf,Germany,6,Joshua KIMMICH,31,25,81,0 0 0 0 14 7 2 8 0 3 16 12 30 1 0
PMSR-M56-ECU-V-GER.pdf,Germany,7,Kai HAVERTZ,0,0,0,0 0 0 0 0 0 0 0 0 0 0 0 0 0 0
PMSR-M56-ECU-V-GER.pdf,Germany,10,Jamal MUSIALA,6,5,83,0 0 0 0 0 2 1 2 1 1 4 1 5 1 0
PMSR-M56-ECU-V-GER.pdf,Germany,17,Florian WIRTZ,10,9,90,0 0 0 0 0 5 0 5 0 5 5 0 8 0 2
PMSR-M56-ECU-V-GER.pdf,Germany,19,Leroy SANE,9,4,44,0 0 0 0 1 4 0 3 1 2 6 1 9 0 0
PMSR-M56-ECU-V-GER.pdf,Germany,22,David RAUM,14,8,57,0 1 0 0 3 5 1 3 1 3 3 8 11 2 1
PMSR-M56-ECU-V-GER.pdf,Germany,23,Felix NMECHA,7,6,86,0 0 0 0 1 3 0 3 0 1 5 1 6 0 1
PMSR-M56-ECU-V-GER.pdf,Germany,13,Pascal GROSS,5,5,100,0 0 0 0 3 0 1 1 0 5 0 0 5 0 0
PMSR-M56-ECU-V-GER.pdf,Germany,14,Maximilian BEIER,6,2,33,0 0 1 0 0 2 0 2 1 1 1 4 6 0 0
PMSR-M56-ECU-V-GER.pdf,Germany,16,Angelo STILLER,10,8,80,0 0 0 0 6 0 1 3 0 3 5 2 10 0 0
PMSR-M56-ECU-V-GER.pdf,Germany,24,Malick THIAW,13,9,69,1 0 0 0 5 2 0 5 0 5 5 3 13 0 0
PMSR-M56-ECU-V-GER.pdf,Germany,26,Deniz UNDAV,0,0,0,0 0 0 0 0 0 0 0 0 0 0 0 0 0 0
PMSR-M58-TUN-V-NED.pdf,Tunisia,16,Aymen DAHMEN,17,8,47,0 1 0 1 5 7 0 3 0 0 1 16 17 0 0
PMSR-M58-TUN-V-NED.pdf,Tunisia,2,Ali ABDI,7,5,71,1 1 0 0 1 3 0 0 1 1 2 4 7 0 0
PMSR-M58-TUN-V-NED.pdf,Tunisia,3,Montassar TALBI,7,6,86,1 0 0 0 4 1 0 1 0 2 4 1 7 0 0
PMSR-M58-TUN-V-NED.pdf,Tunisia,9,Hazem MASTOURI,1,0,0,0 0 0 0 0 0 0 1 0 1 0 0 1 0 0
PMSR-M58-TUN-V-NED.pdf,Tunisia,10,Hannibal MEJBRI,14,11,79,0 0 0 0 1 3 1 8 1 7 1 6 14 0 0
PMSR-M58-TUN-V-NED.pdf,Tunisia,11,Ismael GHARBI,2,2,100,0 0 0 0 0 1 0 1 0 1 1 0 2 0 0
PMSR-M58-TUN-V-NED.pdf,Tunisia,13,Rani KHEDIRA,2,1,50,0 0 0 0 1 0 1 0 0 0 0 2 2 0 0
PMSR-M58-TUN-V-NED.pdf,Tunisia,17,Ellyes SKHIRI,9,8,89,0 1 0 0 5 0 0 3 0 3 2 4 9 0 0
PMSR-M58-TUN-V-NED.pdf,Tunisia,20,Yan VALERY,12,5,42,0 0 0 2 5 0 2 3 0 0 7 5 9 3 0
PMSR-M58-TUN-V-NED.pdf,Tunisia,21,Mohamed Amine BEN HMIDA,9,6,67,0 1 1 0 2 4 0 1 0 1 4 4 8 0 1
PMSR-M58-TUN-V-NED.pdf,Tunisia,25,Anis SLIMANE,4,3,75,0 0 0 0 0 3 1 0 0 0 3 1 2 0 2
PMSR-M58-TUN-V-NED.pdf,Tunisia,7,Elias ACHOURI,2,1,50,0 1 0 0 1 0 0 0 0 0 1 1 2 0 0
PMSR-M58-TUN-V-NED.pdf,Tunisia,12,Mortadha BEN OUANES,1,0,0,0 0 0 1 0 0 0 0 0 0 0 1 1 0 0
PMSR-M58-TUN-V-NED.pdf,Tunisia,15,Mohamed HADJ MAHMOUD,0,0,0,0 0 0 0 0 0 0 0 0 0 0 0 0 0 0
PMSR-M58-TUN-V-NED.pdf,Tunisia,19,Firas CHAOUAT,0,0,0,0 0 0 0 0 0 0 0 0 0 0 0 0 0 0
PMSR-M58-TUN-V-NED.pdf,Tunisia,26,Sebastian TOUNEKTI,0,0,0,0 0 0 0 0 0 0 0 0 0 0 0 0 0 0
PMSR-M58-TUN-V-NED.pdf,Netherlands,1,Bart VERBRUGGEN,0,0,0,0 0 0 0 0 0 0 0 0 0 0 0 0 0 0
PMSR-M58-TUN-V-NED.pdf,Netherlands,4,Virgil VAN DIJK,13,11,85,0 0 0 0 2 5 0 6 0 4 5 4 13 0 0
PMSR-M58-TUN-V-NED.pdf,Netherlands,5,Nathan AKE,20,16,80,0 0 0 0 7 2 1 9 1 2 15 3 19 1 0
PMSR-M58-TUN-V-NED.pdf,Netherlands,6,Jan Paul VAN HECKE,35,33,94,0 0 0 0 1 3 1 29 1 8 26 1 35 0 0
PMSR-M58-TUN-V-NED.pdf,Netherlands,8,Ryan GRAVENBERCH,13,9,69,0 0 0 0 4 0 0 9 0 7 4 2 11 0 2
PMSR-M58-TUN-V-NED.pdf,Netherlands,11,Cody GAKPO,9,5,56,0 0 0 0 0 1 0 2 6 1 4 4 8 0 1
PMSR-M58-TUN-V-NED.pdf,Netherlands,14,Tijjani REIJNDERS,10,6,60,0 0 0 0 0 2 0 5 3 3 3 4 8 1 1
PMSR-M58-TUN-V-NED.pdf,Netherlands,18,Donyell MALEN,3,2,67,0 0 0 0 0 0 0 1 2 0 3 0 2 0 1
PMSR-M58-TUN-V-NED.pdf,Netherlands,19,Brian BROBBEY,0,0,0,0 0 0 0 0 0 0 0 0 0 0 0 0 0 0
PMSR-M58-TUN-V-NED.pdf,Netherlands,21,Frenkie DE JONG,20,15,75,0 0 0 0 3 1 0 14 2 3 11 6 20 0 0
PMSR-M58-TUN-V-NED.pdf,Netherlands,22,Denzel DUMFRIES,12,8,67,0 0 0 0 0 2 0 5 5 0 10 2 8 3 1
PMSR-M58-TUN-V-NED.pdf,Netherlands,7,Justin KLUIVERT,0,0,0,0 0 0 0 0 0 0 0 0 0 0 0 0 0 0
PMSR-M58-TUN-V-NED.pdf,Netherlands,10,Memphis DEPAY,1,1,100,0 0 0 0 0 0 1 0 0 0 1 0 1 0 0
PMSR-M58-TUN-V-NED.pdf,Netherlands,17,Noa LANG,3,2,67,0 0 0 0 0 1 1 0 1 0 3 0 2 0 1
PMSR-M58-TUN-V-NED.pdf,Netherlands,20,Teun KOOPMEINERS,7,5,71,0 0 0 1 0 0 0 6 0 1 4 2 6 1 0
PMSR-M58-TUN-V-NED.pdf,Netherlands,24,Crysencio SUMMERVILLE,3,2,67,0 0 0 0 0 1 1 1 0 2 1 0 1 0 2
PMSR-M59-TUR-v-USA.pdf,rkiye,23,Ugurcan CAKIR,17,6,35,0 2 0 0 2 9 0 4 0 0 1 16 17 0 0
PMSR-M59-TUR-v-USA.pdf,rkiye,2,Zeki CELIK,16,13,81,0 0 1 0 11 2 0 1 1 1 11 4 14 0 2
PMSR-M59-TUR-v-USA.pdf,rkiye,5,Salih OZCAN,19,10,53,0 0 1 0 5 3 2 7 1 9 3 7 18 1 0
PMSR-M59-TUR-v-USA.pdf,rkiye,6,Orkun KOKCU,18,10,56,0 0 0 0 3 6 1 6 2 5 5 8 17 0 1
PMSR-M59-TUR-v-USA.pdf,rkiye,8,Arda GULER,17,10,59,0 0 0 0 1 5 3 7 1 6 6 5 16 0 1
PMSR-M59-TUR-v-USA.pdf,rkiye,11,Kenan YILDIZ,6,4,67,0 0 0 0 1 1 0 2 2 2 3 1 5 0 1
PMSR-M59-TUR-v-USA.pdf,rkiye,13,Eren ELMALI,8,7,88,0 0 0 0 3 1 0 3 1 0 5 3 7 0 1
PMSR-M59-TUR-v-USA.pdf,rkiye,14,Abdulkerim BARDAKCI,21,11,52,2 0 1 0 2 7 0 9 0 1 9 11 21 0 0
PMSR-M59-TUR-v-USA.pdf,rkiye,15,Ozan KABAK,11,6,55,0 0 0 0 3 4 1 2 1 6 3 2 11 0 0
PMSR-M59-TUR-v-USA.pdf,rkiye,21,Baris Alper YILMAZ,3,2,67,0 0 0 0 0 0 2 1 0 2 1 0 3 0 0
PMSR-M59-TUR-v-USA.pdf,rkiye,24,Oguz AYDIN,9,7,78,0 0 0 0 1 2 1 3 2 2 6 1 8 0 1
PMSR-M59-TUR-v-USA.pdf,rkiye,4,Caglar SOYUNCU,1,0,0,0 0 0 0 0 1 0 0 0 0 0 1 1 0 0
PMSR-M59-TUR-v-USA.pdf,rkiye,17,Irfan Can KAHVECI,0,0,0,0 0 0 0 0 0 0 0 0 0 0 0 0 0 0
PMSR-M59-TUR-v-USA.pdf,rkiye,18,Mert MULDUR,2,2,100,0 0 0 0 0 0 2 0 0 0 2 0 1 0 1
PMSR-M59-TUR-v-USA.pdf,rkiye,22,Kaan AYHAN,0,0,0,0 0 0 0 0 0 0 0 0 0 0 0 0 0 0
PMSR-M59-TUR-v-USA.pdf,rkiye,26,Can UZUN,0,0,0,0 0 0 0 0 0 0 0 0 0 0 0 0 0 0
PMSR-M59-TUR-v-USA.pdf,USA,1,Matt TURNER,11,2,18,0 2 1 0 1 5 0 2 0 0 1 10 11 0 0
PMSR-M59-TUR-v-USA.pdf,USA,6,Auston TRUSTY,12,8,67,0 0 1 0 4 5 1 1 0 2 5 5 12 0 0
PMSR-M59-TUR-v-USA.pdf,USA,7,Giovanni REYNA,17,10,59,0 0 0 0 1 5 2 6 3 7 4 6 15 1 1
PMSR-M59-TUR-v-USA.pdf,USA,8,Weston McKENNIE,16,11,69,0 1 0 0 1 5 4 2 3 1 4 11 16 0 0
PMSR-M59-TUR-v-USA.pdf,USA,9,Ricardo PEPI,1,0,0,0 0 0 0 0 1 0 0 0 1 0 0 1 0 0
PMSR-M59-TUR-v-USA.pdf,USA,11,Brenden AARONSON,4,3,75,0 0 0 0 0 1 1 1 1 2 2 0 4 0 0
PMSR-M59-TUR-v-USA.pdf,USA,12,Miles ROBINSON,14,12,86,0 0 0 0 8 3 0 3 0 7 5 2 14 0 0
PMSR-M59-TUR-v-USA.pdf,USA,14,Sebastian BERHALTER,20,17,85,0 0 0 0 3 6 1 9 1 10 5 5 19 1 0
PMSR-M59-TUR-v-USA.pdf,USA,21,Timothy WEAH,2,1,50,0 0 0 0 0 1 0 0 1 1 1 0 1 0 1
PMSR-M59-TUR-v-USA.pdf,USA,22,Mark McKENZIE,12,10,83,0 1 0 0 7 2 1 1 0 1 7 4 12 0 0
PMSR-M59-TUR-v-USA.pdf,USA,23,Joe SCALLY,10,9,90,0 0 0 0 5 1 2 2 0 2 3 5 8 2 0
PMSR-M59-TUR-v-USA.pdf,USA,2,Sergino DEST,0,0,0,0 0 0 0 0 0 0 0 0 0 0 0 0 0 0
PMSR-M59-TUR-v-USA.pdf,USA,10,Christian PULISIC,3,3,100,0 0 0 0 0 1 0 0 2 2 1 0 3 0 0
PMSR-M59-TUR-v-USA.pdf,USA,16,Alex FREEMAN,3,2,67,0 0 0 0 1 1 0 1 0 0 2 1 3 0 0
PMSR-M59-TUR-v-USA.pdf,USA,17,Malik TILLMAN,0,0,0,0 0 0 0 0 0 0 0 0 0 0 0 0 0 0
PMSR-M59-TUR-v-USA.pdf,USA,26,Alex ZENDEJAS,4,3,75,0 0 0 0 0 2 1 1 0 1 3 0 3 1 0
PMSR-M67-PAN-V-ENG.pdf,Panama,22,Orlando MOSQUERA,24,11,46,1 0 2 1 9 5 1 5 0 2 5 17 24 0 0
PMSR-M67-PAN-V-ENG.pdf,Panama,3,Jose CORDOBA,13,12,92,0 0 0 0 9 1 0 3 0 5 4 4 12 0 1
PMSR-M67-PAN-V-ENG.pdf,Panama,4,Fidel ESCOBAR,18,12,67,3 0 2 0 6 5 0 1 1 4 7 7 17 0 1
PMSR-M67-PAN-V-ENG.pdf,Panama,6,Cristian MARTINEZ,7,4,57,0 0 0 1 0 3 1 2 0 0 3 4 7 0 0
PMSR-M67-PAN-V-ENG.pdf,Panama,7,Jose Luis RODRIGUEZ,4,2,50,0 0 0 0 1 1 0 1 1 0 1 3 2 1 1
PMSR-M67-PAN-V-ENG.pdf,Panama,9,Tomas RODRIGUEZ,1,1,100,0 0 0 1 0 0 0 0 0 1 0 0 1 0 0
PMSR-M67-PAN-V-ENG.pdf,Panama,11,Edgar Yoel BARCENAS,7,3,43,0 0 0 0 0 3 0 3 1 3 2 2 6 1 0
PMSR-M67-PAN-V-ENG.pdf,Panama,14,Carlos HARVEY,8,6,75,0 1 0 0 1 3 0 2 1 6 1 1 6 0 2
PMSR-M67-PAN-V-ENG.pdf,Panama,16,Andres ANDRADE,17,13,76,1 1 0 0 7 6 1 0 1 1 6 10 17 0 0
PMSR-M67-PAN-V-ENG.pdf,Panama,23,Amir MURILLO,19,11,58,0 1 0 1 3 7 2 3 2 4 5 10 15 1 3
PMSR-M67-PAN-V-ENG.pdf,Panama,26,Jorge GUTIERREZ,5,4,80,0 0 0 1 2 0 0 2 0 1 1 3 5 0 0
PMSR-M67-PAN-V-ENG.pdf,Panama,10,Ismael DIAZ,2,2,100,0 0 0 0 0 1 0 1 0 0 1 1 2 0 0
PMSR-M67-PAN-V-ENG.pdf,Panama,15,Eric DAVIS,1,0,0,0 0 0 0 0 0 0 0 1 0 0 1 0 1 0
PMSR-M67-PAN-V-ENG.pdf,Panama,17,Jose FAJARDO,1,1,100,0 0 0 0 0 0 0 1 0 1 0 0 1 0 0
PMSR-M67-PAN-V-ENG.pdf,Panama,19,Alberto QUINTERO,1,1,100,0 0 0 0 0 0 0 1 0 1 0 0 1 0 0
PMSR-M67-PAN-V-ENG.pdf,Panama,24,Azarias LONDONO,2,1,50,0 0 0 0 0 0 1 1 0 0 2 0 1 0 1
PMSR-M67-PAN-V-ENG.pdf,England,1,Jordan PICKFORD,12,6,50,0 0 2 0 3 3 1 3 0 2 2 8 12 0 0
PMSR-M67-PAN-V-ENG.pdf,England,2,Ezri KONSA,6,6,100,0 0 0 0 2 1 0 3 0 3 2 1 6 0 0
PMSR-M67-PAN-V-ENG.pdf,England,3,Nico OREILLY,14,13,93,0 0 0 0 1 1 0 10 2 2 6 6 13 1 0
PMSR-M67-PAN-V-ENG.pdf,England,6,Marc GUEHI,10,10,100,0 0 0 0 1 1 2 5 1 3 3 4 10 0 0
PMSR-M67-PAN-V-ENG.pdf,England,7,Bukayo SAKA,6,4,67,0 0 0 0 0 1 0 3 2 3 2 1 5 1 0
PMSR-M67-PAN-V-ENG.pdf,England,8,Elliot ANDERSON,24,20,83,0 0 0 0 4 1 2 12 5 11 5 8 23 0 1
PMSR-M67-PAN-V-ENG.pdf,England,9,Harry KANE,7,6,86,0 0 0 1 1 3 0 2 0 3 2 2 6 0 1
PMSR-M67-PAN-V-ENG.pdf,England,10,Jude BELLINGHAM,13,10,77,0 0 0 0 0 1 3 7 2 4 7 2 12 0 1
PMSR-M67-PAN-V-ENG.pdf,England,11,Marcus RASHFORD,17,10,59,0 0 0 0 0 4 3 5 5 2 5 10 11 3 3
PMSR-M67-PAN-V-ENG.pdf,England,17,Morgan ROGERS,8,7,88,0 0 0 0 0 0 1 4 3 7 1 0 8 0 0
PMSR-M67-PAN-V-ENG.pdf,England,26,Jarell QUANSAH,14,10,71,0 0 0 0 2 2 1 9 0 1 10 3 14 0 0
PMSR-M67-PAN-V-ENG.pdf,England,14,Jordan HENDERSON,3,3,100,0 0 0 0 0 0 0 3 0 1 1 1 3 0 0
PMSR-M67-PAN-V-ENG.pdf,England,19,Ollie WATKINS,1,1,100,0 0 0 1 0 0 0 0 0 0 1 0 0 0 1
PMSR-M67-PAN-V-ENG.pdf,England,20,Noni MADUEKE,2,1,50,0 0 0 0 0 0 0 2 0 0 1 1 1 1 0
PMSR-M67-PAN-V-ENG.pdf,England,21,Eberechi EZE,3,2,67,0 0 0 0 0 0 2 1 0 1 1 1 3 0 0
PMSR-M67-PAN-V-ENG.pdf,England,25,Djed SPENCE,6,5,83,0 0 0 0 0 2 1 2 1 2 4 0 5 0 1
PMSR-M71-COL-V-POR.pdf,Colombia,12,Camilo VARGAS,10,3,30,0 0 1 0 3 5 0 1 0 0 0 10 10 0 0
PMSR-M71-COL-V-POR.pdf,Colombia,3,Jhon LUCUMI,6,6,100,0 0 0 0 4 2 0 0 0 1 4 1 5 0 1
PMSR-M71-COL-V-POR.pdf,Colombia,4,Santiago ARIAS,12,10,83,0 0 0 0 6 2 0 3 1 1 5 6 12 0 0
PMSR-M71-COL-V-POR.pdf,Colombia,7,Luis DIAZ,4,3,75,0 0 0 0 0 1 0 0 3 0 2 2 3 1 0
PMSR-M71-COL-V-POR.pdf,Colombia,9,Jhon CORDOBA,0,0,0,0 0 0 0 0 0 0 0 0 0 0 0 0 0 0
PMSR-M71-COL-V-POR.pdf,Colombia,10,James RODRIGUEZ,26,24,92,0 0 0 0 2 4 3 15 2 8 10 8 25 1 0
PMSR-M71-COL-V-POR.pdf,Colombia,11,Jhon ARIAS,9,9,100,0 0 0 0 1 5 0 2 1 5 4 0 6 0 3
PMSR-M71-COL-V-POR.pdf,Colombia,14,Gustavo PUERTA,20,18,90,0 0 1 0 9 5 0 5 0 8 12 0 18 0 2
PMSR-M71-COL-V-POR.pdf,Colombia,16,Jefferson LERMA,10,7,70,0 0 0 0 2 4 0 4 0 3 2 5 10 0 0
PMSR-M71-COL-V-POR.pdf,Colombia,22,Deiver MACHADO,5,4,80,0 0 0 0 2 1 0 1 1 1 2 2 4 0 1
PMSR-M71-COL-V-POR.pdf,Colombia,23,Davinson SANCHEZ,30,23,77,1 0 1 0 11 13 1 3 0 9 9 12 29 0 1
PMSR-M71-COL-V-POR.pdf,Colombia,2,Daniel MUNOZ,0,0,0,0 0 0 0 0 0 0 0 0 0 0 0 0 0 0
PMSR-M71-COL-V-POR.pdf,Colombia,5,Kevin CASTANO,1,1,100,0 0 0 0 1 0 0 0 0 0 1 0 1 0 0
PMSR-M71-COL-V-POR.pdf,Colombia,6,Richard RIOS,3,2,67,0 0 0 0 0 2 1 0 0 1 1 1 3 0 0
PMSR-M71-COL-V-POR.pdf,Colombia,20,Juan QUINTERO,7,4,57,0 0 0 0 1 0 3 2 1 3 1 3 7 0 0
PMSR-M71-COL-V-POR.pdf,Colombia,25,Luis SUAREZ,0,0,0,0 0 0 0 0 0 0 0 0 0 0 0 0 0 0
PMSR-M71-COL-V-POR.pdf,Portugal,1,DIOGO COSTA,6,3,50,0 0 0 0 2 3 1 0 0 0 0 6 6 0 0
PMSR-M71-COL-V-POR.pdf,Portugal,3,RUBEN DIAS,10,9,90,0 0 0 0 6 2 0 2 0 3 4 3 9 0 1
PMSR-M71-COL-V-POR.pdf,Portugal,7,CRISTIANO RONALDO,2,1,50,0 0 0 0 0 1 1 0 0 0 1 1 2 0 0
PMSR-M71-COL-V-POR.pdf,Portugal,8,BRUNO FERNANDES,16,12,75,0 0 0 0 1 6 2 6 1 4 6 6 13 1 2
PMSR-M71-COL-V-POR.pdf,Portugal,11,JOAO FELIX,8,4,50,0 0 0 0 0 2 3 2 1 5 2 1 4 1 3
PMSR-M71-COL-V-POR.pdf,Portugal,13,RENATO VEIGA,18,16,89,0 1 0 0 11 2 0 4 0 4 14 0 17 0 1
PMSR-M71-COL-V-POR.pdf,Portugal,18,PEDRO NETO,10,7,70,0 0 0 0 0 3 4 3 0 3 4 3 7 1 2
PMSR-M71-COL-V-POR.pdf,Portugal,20,JOAO CANCELO,1,1,100,0 0 0 0 1 0 0 0 0 0 1 0 1 0 0
PMSR-M71-COL-V-POR.pdf,Portugal,21,RUBEN NEVES,4,3,75,0 0 0 0 1 0 1 2 0 0 3 1 4 0 0
PMSR-M71-COL-V-POR.pdf,Portugal,23,VITINHA,12,12,100,0 0 0 0 6 3 1 2 0 5 5 2 12 0 0
PMSR-M71-COL-V-POR.pdf,Portugal,25,NUNO MENDES,13,10,77,0 0 0 0 1 7 3 1 1 1 9 3 11 0 2
PMSR-M71-COL-V-POR.pdf,Portugal,5,DIOGO DALOT,11,10,91,1 1 0 1 3 3 0 2 0 2 6 3 10 0 1
PMSR-M71-COL-V-POR.pdf,Portugal,6,MATHEUS NUNES,0,0,0,0 0 0 0 0 0 0 0 0 0 0 0 0 0 0
PMSR-M71-COL-V-POR.pdf,Portugal,15,JOAO NEVES,3,3,100,0 0 0 0 2 0 0 1 0 0 2 1 3 0 0
PMSR-M71-COL-V-POR.pdf,Portugal,17,RAFAEL LEAO,4,3,75,0 0 0 0 0 2 1 0 1 1 3 0 2 0 2
PMSR-M71-COL-V-POR.pdf,Portugal,24,SAMU COSTA,5,5,100,0 0 0 0 4 0 0 1 0 1 4 0 5 0 0
PMSR-M72-COD-V-UZB-v2.pdf,Congo DR,1,Lionel MPASI,8,3,38,0 0 0 0 1 7 0 0 0 0 1 7 8 0 0
PMSR-M72-COD-V-UZB-v2.pdf,Congo DR,4,Axel TUANZEBE,7,5,71,0 0 0 0 4 2 0 1 0 1 4 2 7 0 0
PMSR-M72-COD-V-UZB-v2.pdf,Congo DR,7,Nathanael MBUKU,13,9,69,0 0 0 0 0 4 0 6 3 4 4 5 7 4 2
PMSR-M72-COD-V-UZB-v2.pdf,Congo DR,8,Samuel MOUTOUSSAMY,13,10,77,0 0 0 0 2 7 2 2 0 4 5 4 13 0 0
PMSR-M72-COD-V-UZB-v2.pdf,Congo DR,9,Brian CIPENGA,11,2,18,0 1 0 0 0 0 5 2 3 2 7 2 5 2 4
PMSR-M72-COD-V-UZB-v2.pdf,Congo DR,14,Noah SADIKI,16,16,100,0 0 0 0 3 6 0 7 0 4 11 1 12 1 3
PMSR-M72-COD-V-UZB-v2.pdf,Congo DR,17,Cedric BAKAMBU,2,0,0,0 0 0 0 0 1 0 1 0 2 0 0 2 0 0
PMSR-M72-COD-V-UZB-v2.pdf,Congo DR,20,Yoane WISSA,3,3,100,0 0 0 0 0 1 0 2 0 0 1 2 3 0 0
PMSR-M72-COD-V-UZB-v2.pdf,Congo DR,22,Chancel MBEMBA,19,14,74,1 1 0 0 7 5 1 4 0 5 6 8 19 0 0
PMSR-M72-COD-V-UZB-v2.pdf,Congo DR,26,Arthur MASUAKU,33,25,76,0 0 0 0 12 5 1 15 0 8 16 9 31 2 0
PMSR-M72-COD-V-UZB-v2.pdf,Congo DR,6,Ngalayel MUKAU,1,1,100,0 0 0 0 0 0 0 1 0 1 0 0 1 0 0
PMSR-M72-COD-V-UZB-v2.pdf,Congo DR,10,Theo BONGONDA,4,3,75,0 0 0 0 0 2 0 1 1 1 2 1 2 0 2
PMSR-M72-COD-V-UZB-v2.pdf,Congo DR,12,Joris KAYEMBE,2,2,100,0 0 0 0 2 0 0 0 0 1 1 0 2 0 0
PMSR-M72-COD-V-UZB-v2.pdf,Congo DR,13,Meschack ELIA,4,2,50,0 0 0 0 0 1 2 0 1 0 3 1 2 0 2
PMSR-M72-COD-V-UZB-v2.pdf,Congo DR,19,Fiston MAYELE,1,0,0,0 0 0 0 0 1 0 0 0 0 0 1 1 0 0
PMSR-M72-COD-V-UZB-v2.pdf,Uzbekistan,12,Abduvohid NEMATOV,16,5,31,0 0 0 0 2 11 1 1 1 1 0 15 16 0 0
PMSR-M72-COD-V-UZB-v2.pdf,Uzbekistan,2,Abdukodir KHUSANOV,15,8,53,1 2 1 0 4 7 0 0 0 0 4 11 15 0 0
PMSR-M72-COD-V-UZB-v2.pdf,Uzbekistan,3,Khojiakbar ALIJONOV,13,4,31,0 0 0 0 1 6 1 4 1 3 4 6 10 2 1
PMSR-M72-COD-V-UZB-v2.pdf,Uzbekistan,5,Rustam ASHURMATOV,19,17,89,0 0 0 0 5 10 0 4 0 2 8 9 19 0 0
PMSR-M72-COD-V-UZB-v2.pdf,Uzbekistan,6,Akmal MOZGOVOY,15,12,80,0 0 0 0 1 9 4 1 0 4 4 7 14 0 1
PMSR-M72-COD-V-UZB-v2.pdf,Uzbekistan,7,Otabek SHUKUROV,10,6,60,0 0 1 0 2 3 1 3 0 5 1 4 9 0 1
PMSR-M72-COD-V-UZB-v2.pdf,Uzbekistan,13,Sherzod NASRULLAEV,11,4,36,0 0 0 1 1 5 2 1 1 1 4 6 9 1 1
PMSR-M72-COD-V-UZB-v2.pdf,Uzbekistan,14,Eldor SHOMURODOV,6,3,50,0 0 0 0 0 3 3 0 0 2 2 2 6 0 0
PMSR-M72-COD-V-UZB-v2.pdf,Uzbekistan,17,Dostonbek KHAMDAMOV,3,2,67,1 1 0 0 0 1 0 0 0 1 1 1 3 0 0
PMSR-M72-COD-V-UZB-v2.pdf,Uzbekistan,22,Abbosbek FAYZULLAEV,2,1,50,0 0 0 0 0 1 0 1 0 1 1 0 2 0 0
PMSR-M72-COD-V-UZB-v2.pdf,Uzbekistan,26,Jakhongir UROZOV,11,4,36,0 0 0 0 1 9 0 1 0 1 2 8 11 0 0
PMSR-M72-COD-V-UZB-v2.pdf,Uzbekistan,8,Jamshid ISKANDEROV,5,2,40,0 0 1 0 0 0 2 2 0 1 3 1 5 0 0
PMSR-M72-COD-V-UZB-v2.pdf,Uzbekistan,9,Odiljon XAMROBEKOV,5,5,100,0 0 0 0 2 0 0 3 0 2 3 0 5 0 0
PMSR-M72-COD-V-UZB-v2.pdf,Uzbekistan,11,Oston URUNOV,2,1,50,0 0 0 1 0 0 1 0 0 0 2 0 1 0 1
PMSR-M72-COD-V-UZB-v2.pdf,Uzbekistan,19,Azizjon GANIEV,8,6,75,0 0 0 0 3 3 1 1 0 1 4 3 7 1 0
PMSR-M72-COD-V-UZB-v2.pdf,Uzbekistan,21,Igor SERGEEV,0,0,0,0 0 0 0 0 0 0 0 0 0 0 0 0 0 0
